period_start,state_code,state_name,species_group,drug_id,drug_name,amu_mg,treatment_count
2023-09-01,MH,Maharashtra,dairy,oxy,Oxytetracycline,17528323.8,8764
2023-09-01,MH,Maharashtra,dairy,amox,Amoxicillin,9525616.9,6350
2023-09-01,MH,Maharashtra,dairy,enro,Enrofloxacin,4876404.7,9753
2023-09-01,MH,Maharashtra,poultry,oxy,Oxytetracycline,13781960.7,6891
2023-09-01,MH,Maharashtra,poultry,amox,Amoxicillin,6337111.0,4225
2023-09-01,MH,Maharashtra,poultry,enro,Enrofloxacin,2921799.7,5844
2023-09-01,MH,Maharashtra,small_ruminants,oxy,Oxytetracycline,6858168.4,3429
2023-09-01,MH,Maharashtra,small_ruminants,amox,Amoxicillin,4098408.2,2732
2023-09-01,MH,Maharashtra,small_ruminants,enro,Enrofloxacin,1802726.1,3605
2023-09-01,GJ,Gujarat,dairy,oxy,Oxytetracycline,11525164.7,5763
2023-09-01,GJ,Gujarat,dairy,amox,Amoxicillin,8567525.9,5712
2023-09-01,GJ,Gujarat,dairy,enro,Enrofloxacin,3621338.1,7243
2023-09-01,GJ,Gujarat,poultry,oxy,Oxytetracycline,9392814.6,4696
2023-09-01,GJ,Gujarat,poultry,amox,Amoxicillin,6489407.1,4326
2023-09-01,GJ,Gujarat,poultry,enro,Enrofloxacin,2604651.3,5209
2023-09-01,GJ,Gujarat,small_ruminants,oxy,Oxytetracycline,4584978.9,2292
2023-09-01,GJ,Gujarat,small_ruminants,amox,Amoxicillin,3250603.4,2167
2023-09-01,GJ,Gujarat,small_ruminants,enro,Enrofloxacin,1209339.9,2419
2023-09-01,RJ,Rajasthan,dairy,oxy,Oxytetracycline,17544764.6,8772
2023-09-01,RJ,Rajasthan,dairy,amox,Amoxicillin,10029674.7,6686
2023-09-01,RJ,Rajasthan,dairy,enro,Enrofloxacin,4221294.4,8443
2023-09-01,RJ,Rajasthan,poultry,oxy,Oxytetracycline,11130638.1,5565
2023-09-01,RJ,Rajasthan,poultry,amox,Amoxicillin,8377582.2,5585
2023-09-01,RJ,Rajasthan,poultry,enro,Enrofloxacin,3135831.2,6272
2023-09-01,RJ,Rajasthan,small_ruminants,oxy,Oxytetracycline,6145473.0,3073
2023-09-01,RJ,Rajasthan,small_ruminants,amox,Amoxicillin,3871495.8,2581
2023-09-01,RJ,Rajasthan,small_ruminants,enro,Enrofloxacin,1803266.1,3607
2023-09-01,PB,Punjab,dairy,oxy,Oxytetracycline,12015622.8,6008
2023-09-01,PB,Punjab,dairy,amox,Amoxicillin,7544024.8,5029
2023-09-01,PB,Punjab,dairy,enro,Enrofloxacin,3224375.4,6449
2023-09-01,PB,Punjab,poultry,oxy,Oxytetracycline,10423245.1,5212
2023-09-01,PB,Punjab,poultry,amox,Amoxicillin,5147380.5,3432
2023-09-01,PB,Punjab,poultry,enro,Enrofloxacin,2171989.0,4344
2023-09-01,PB,Punjab,small_ruminants,oxy,Oxytetracycline,4239186.7,2120
2023-09-01,PB,Punjab,small_ruminants,amox,Amoxicillin,3061860.8,2041
2023-09-01,PB,Punjab,small_ruminants,enro,Enrofloxacin,1369522.4,2739
2023-09-01,KA,Karnataka,dairy,oxy,Oxytetracycline,8470369.8,4235
2023-09-01,KA,Karnataka,dairy,amox,Amoxicillin,4905096.2,3270
2023-09-01,KA,Karnataka,dairy,enro,Enrofloxacin,2096422.5,4193
2023-09-01,KA,Karnataka,poultry,oxy,Oxytetracycline,6758031.2,3379
2023-09-01,KA,Karnataka,poultry,amox,Amoxicillin,4260516.8,2840
2023-09-01,KA,Karnataka,poultry,enro,Enrofloxacin,1783962.4,3568
2023-09-01,KA,Karnataka,small_ruminants,oxy,Oxytetracycline,3183882.6,1592
2023-09-01,KA,Karnataka,small_ruminants,amox,Amoxicillin,2181292.2,1454
2023-09-01,KA,Karnataka,small_ruminants,enro,Enrofloxacin,920181.4,1840
2023-10-01,MH,Maharashtra,dairy,oxy,Oxytetracycline,15351773.0,7676
2023-10-01,MH,Maharashtra,dairy,amox,Amoxicillin,10177369.6,6785
2023-10-01,MH,Maharashtra,dairy,enro,Enrofloxacin,4059202.5,8118
2023-10-01,MH,Maharashtra,poultry,oxy,Oxytetracycline,11927755.3,5964
2023-10-01,MH,Maharashtra,poultry,amox,Amoxicillin,7007163.4,4671
2023-10-01,MH,Maharashtra,poultry,enro,Enrofloxacin,3037271.0,6075
2023-10-01,MH,Maharashtra,small_ruminants,oxy,Oxytetracycline,6596978.0,3298
2023-10-01,MH,Maharashtra,small_ruminants,amox,Amoxicillin,3303293.6,2202
2023-10-01,MH,Maharashtra,small_ruminants,enro,Enrofloxacin,1587533.7,3175
2023-10-01,GJ,Gujarat,dairy,oxy,Oxytetracycline,10583832.8,5292
2023-10-01,GJ,Gujarat,dairy,amox,Amoxicillin,6478551.8,4319
2023-10-01,GJ,Gujarat,dairy,enro,Enrofloxacin,2854409.1,5709
2023-10-01,GJ,Gujarat,poultry,oxy,Oxytetracycline,9491658.1,4746
2023-10-01,GJ,Gujarat,poultry,amox,Amoxicillin,4699886.1,3133
2023-10-01,GJ,Gujarat,poultry,enro,Enrofloxacin,2393534.6,4787
2023-10-01,GJ,Gujarat,small_ruminants,oxy,Oxytetracycline,3815367.1,1908
2023-10-01,GJ,Gujarat,small_ruminants,amox,Amoxicillin,2762821.4,1842
2023-10-01,GJ,Gujarat,small_ruminants,enro,Enrofloxacin,1232083.4,2464
2023-10-01,RJ,Rajasthan,dairy,oxy,Oxytetracycline,15094238.9,7547
2023-10-01,RJ,Rajasthan,dairy,amox,Amoxicillin,9516916.2,6345
2023-10-01,RJ,Rajasthan,dairy,enro,Enrofloxacin,4067278.6,8135
2023-10-01,RJ,Rajasthan,poultry,oxy,Oxytetracycline,10231119.8,5116
2023-10-01,RJ,Rajasthan,poultry,amox,Amoxicillin,6300378.1,4200
2023-10-01,RJ,Rajasthan,poultry,enro,Enrofloxacin,3042040.0,6084
2023-10-01,RJ,Rajasthan,small_ruminants,oxy,Oxytetracycline,5776665.7,2888
2023-10-01,RJ,Rajasthan,small_ruminants,amox,Amoxicillin,3201725.4,2134
2023-10-01,RJ,Rajasthan,small_ruminants,enro,Enrofloxacin,1380086.1,2760
2023-10-01,PB,Punjab,dairy,oxy,Oxytetracycline,9269045.4,4635
2023-10-01,PB,Punjab,dairy,amox,Amoxicillin,6676924.8,4451
2023-10-01,PB,Punjab,dairy,enro,Enrofloxacin,2736067.5,5472
2023-10-01,PB,Punjab,poultry,oxy,Oxytetracycline,8113134.2,4057
2023-10-01,PB,Punjab,poultry,amox,Amoxicillin,4526989.7,3018
2023-10-01,PB,Punjab,poultry,enro,Enrofloxacin,2037438.6,4075
2023-10-01,PB,Punjab,small_ruminants,oxy,Oxytetracycline,4479935.9,2240
2023-10-01,PB,Punjab,small_ruminants,amox,Amoxicillin,2545971.1,1697
2023-10-01,PB,Punjab,small_ruminants,enro,Enrofloxacin,1165141.1,2330
2023-10-01,KA,Karnataka,dairy,oxy,Oxytetracycline,7038320.1,3519
2023-10-01,KA,Karnataka,dairy,amox,Amoxicillin,4526176.8,3017
2023-10-01,KA,Karnataka,dairy,enro,Enrofloxacin,1915871.6,3832
2023-10-01,KA,Karnataka,poultry,oxy,Oxytetracycline,4933645.2,2467
2023-10-01,KA,Karnataka,poultry,amox,Amoxicillin,3661933.8,2441
2023-10-01,KA,Karnataka,poultry,enro,Enrofloxacin,1411426.3,2823
2023-10-01,KA,Karnataka,small_ruminants,oxy,Oxytetracycline,3117092.9,1559
2023-10-01,KA,Karnataka,small_ruminants,amox,Amoxicillin,2033199.9,1355
2023-10-01,KA,Karnataka,small_ruminants,enro,Enrofloxacin,859483.8,1719
2023-11-01,MH,Maharashtra,dairy,oxy,Oxytetracycline,14921215.1,7461
2023-11-01,MH,Maharashtra,dairy,amox,Amoxicillin,8606705.8,5738
2023-11-01,MH,Maharashtra,dairy,enro,Enrofloxacin,3509531.7,7019
2023-11-01,MH,Maharashtra,poultry,oxy,Oxytetracycline,9992730.0,4996
2023-11-01,MH,Maharashtra,poultry,amox,Amoxicillin,5202452.7,3468
2023-11-01,MH,Maharashtra,poultry,enro,Enrofloxacin,2256724.1,4513
2023-11-01,MH,Maharashtra,small_ruminants,oxy,Oxytetracycline,4993036.9,2497
2023-11-01,MH,Maharashtra,small_ruminants,amox,Amoxicillin,3218571.6,2146
2023-11-01,MH,Maharashtra,small_ruminants,enro,Enrofloxacin,1567507.5,3135
2023-11-01,GJ,Gujarat,dairy,oxy,Oxytetracycline,9387728.3,4694
2023-11-01,GJ,Gujarat,dairy,amox,Amoxicillin,6170724.9,4114
2023-11-01,GJ,Gujarat,dairy,enro,Enrofloxacin,3054949.8,6110
2023-11-01,GJ,Gujarat,poultry,oxy,Oxytetracycline,7167348.1,3584
2023-11-01,GJ,Gujarat,poultry,amox,Amoxicillin,4958090.8,3305
2023-11-01,GJ,Gujarat,poultry,enro,Enrofloxacin,1764907.0,3530
2023-11-01,GJ,Gujarat,small_ruminants,oxy,Oxytetracycline,4158323.0,2079
2023-11-01,GJ,Gujarat,small_ruminants,amox,Amoxicillin,2387141.6,1591
2023-11-01,GJ,Gujarat,small_ruminants,enro,Enrofloxacin,1074306.9,2149
2023-11-01,RJ,Rajasthan,dairy,oxy,Oxytetracycline,14407862.2,7204
2023-11-01,RJ,Rajasthan,dairy,amox,Amoxicillin,6831512.6,4554
2023-11-01,RJ,Rajasthan,dairy,enro,Enrofloxacin,3632848.9,7266
2023-11-01,RJ,Rajasthan,poultry,oxy,Oxytetracycline,9797027.5,4899
2023-11-01,RJ,Rajasthan,poultry,amox,Amoxicillin,5592438.5,3728
2023-11-01,RJ,Rajasthan,poultry,enro,Enrofloxacin,2144261.2,4289
2023-11-01,RJ,Rajasthan,small_ruminants,oxy,Oxytetracycline,5505943.1,2753
2023-11-01,RJ,Rajasthan,small_ruminants,amox,Amoxicillin,3216595.2,2144
2023-11-01,RJ,Rajasthan,small_ruminants,enro,Enrofloxacin,1465279.9,2931
2023-11-01,PB,Punjab,dairy,oxy,Oxytetracycline,9498551.1,4749
2023-11-01,PB,Punjab,dairy,amox,Amoxicillin,6831661.1,4554
2023-11-01,PB,Punjab,dairy,enro,Enrofloxacin,2422963.6,4846
2023-11-01,PB,Punjab,poultry,oxy,Oxytetracycline,6125605.5,3063
2023-11-01,PB,Punjab,poultry,amox,Amoxicillin,4315698.5,2877
2023-11-01,PB,Punjab,poultry,enro,Enrofloxacin,1826634.5,3653
2023-11-01,PB,Punjab,small_ruminants,oxy,Oxytetracycline,4428015.6,2214
2023-11-01,PB,Punjab,small_ruminants,amox,Amoxicillin,2624143.6,1749
2023-11-01,PB,Punjab,small_ruminants,enro,Enrofloxacin,1057424.7,2115
2023-11-01,KA,Karnataka,dairy,oxy,Oxytetracycline,8014554.5,4007
2023-11-01,KA,Karnataka,dairy,amox,Amoxicillin,3827310.6,2552
2023-11-01,KA,Karnataka,dairy,enro,Enrofloxacin,1713958.8,3428
2023-11-01,KA,Karnataka,poultry,oxy,Oxytetracycline,4567445.0,2284
2023-11-01,KA,Karnataka,poultry,amox,Amoxicillin,3005531.6,2004
2023-11-01,KA,Karnataka,poultry,enro,Enrofloxacin,1136893.3,2274
2023-11-01,KA,Karnataka,small_ruminants,oxy,Oxytetracycline,3058199.2,1529
2023-11-01,KA,Karnataka,small_ruminants,amox,Amoxicillin,1746825.3,1165
2023-11-01,KA,Karnataka,small_ruminants,enro,Enrofloxacin,642352.6,1285
2023-12-01,MH,Maharashtra,dairy,oxy,Oxytetracycline,13413668.6,6707
2023-12-01,MH,Maharashtra,dairy,amox,Amoxicillin,9539162.3,6359
2023-12-01,MH,Maharashtra,dairy,enro,Enrofloxacin,4201222.0,8402
2023-12-01,MH,Maharashtra,poultry,oxy,Oxytetracycline,11749631.3,5875
2023-12-01,MH,Maharashtra,poultry,amox,Amoxicillin,7835443.4,5224
2023-12-01,MH,Maharashtra,poultry,enro,Enrofloxacin,2648255.6,5297
2023-12-01,MH,Maharashtra,small_ruminants,oxy,Oxytetracycline,4998368.8,2499
2023-12-01,MH,Maharashtra,small_ruminants,amox,Amoxicillin,2703890.7,1803
2023-12-01,MH,Maharashtra,small_ruminants,enro,Enrofloxacin,1478832.0,2958
2023-12-01,GJ,Gujarat,dairy,oxy,Oxytetracycline,10100620.0,5050
2023-12-01,GJ,Gujarat,dairy,amox,Amoxicillin,6527860.6,4352
2023-12-01,GJ,Gujarat,dairy,enro,Enrofloxacin,2679382.7,5359
2023-12-01,GJ,Gujarat,poultry,oxy,Oxytetracycline,7110783.4,3555
2023-12-01,GJ,Gujarat,poultry,amox,Amoxicillin,4944116.2,3296
2023-12-01,GJ,Gujarat,poultry,enro,Enrofloxacin,1901680.3,3803
2023-12-01,GJ,Gujarat,small_ruminants,oxy,Oxytetracycline,4020227.6,2010
2023-12-01,GJ,Gujarat,small_ruminants,amox,Amoxicillin,2268492.4,1512
2023-12-01,GJ,Gujarat,small_ruminants,enro,Enrofloxacin,882857.6,1766
2023-12-01,RJ,Rajasthan,dairy,oxy,Oxytetracycline,13506824.6,6753
2023-12-01,RJ,Rajasthan,dairy,amox,Amoxicillin,8748215.4,5832
2023-12-01,RJ,Rajasthan,dairy,enro,Enrofloxacin,4338129.7,8676
2023-12-01,RJ,Rajasthan,poultry,oxy,Oxytetracycline,9434724.5,4717
2023-12-01,RJ,Rajasthan,poultry,amox,Amoxicillin,6336888.2,4225
2023-12-01,RJ,Rajasthan,poultry,enro,Enrofloxacin,2297534.8,4595
2023-12-01,RJ,Rajasthan,small_ruminants,oxy,Oxytetracycline,4650000.7,2325
2023-12-01,RJ,Rajasthan,small_ruminants,amox,Amoxicillin,2952621.8,1968
2023-12-01,RJ,Rajasthan,small_ruminants,enro,Enrofloxacin,1270368.0,2541
2023-12-01,PB,Punjab,dairy,oxy,Oxytetracycline,12231610.2,6116
2023-12-01,PB,Punjab,dairy,amox,Amoxicillin,5734118.4,3823
2023-12-01,PB,Punjab,dairy,enro,Enrofloxacin,2837304.9,5675
2023-12-01,PB,Punjab,poultry,oxy,Oxytetracycline,6018428.9,3009
2023-12-01,PB,Punjab,poultry,amox,Amoxicillin,4479980.1,2987
2023-12-01,PB,Punjab,poultry,enro,Enrofloxacin,1783386.8,3567
2023-12-01,PB,Punjab,small_ruminants,oxy,Oxytetracycline,3688458.0,1844
2023-12-01,PB,Punjab,small_ruminants,amox,Amoxicillin,2311742.3,1541
2023-12-01,PB,Punjab,small_ruminants,enro,Enrofloxacin,908971.3,1818
2023-12-01,KA,Karnataka,dairy,oxy,Oxytetracycline,7763654.6,3882
2023-12-01,KA,Karnataka,dairy,amox,Amoxicillin,4394306.1,2930
2023-12-01,KA,Karnataka,dairy,enro,Enrofloxacin,1692601.7,3385
2023-12-01,KA,Karnataka,poultry,oxy,Oxytetracycline,4252420.6,2126
2023-12-01,KA,Karnataka,poultry,amox,Amoxicillin,3072195.9,2048
2023-12-01,KA,Karnataka,poultry,enro,Enrofloxacin,1465264.2,2931
2023-12-01,KA,Karnataka,small_ruminants,oxy,Oxytetracycline,2805629.3,1403
2023-12-01,KA,Karnataka,small_ruminants,amox,Amoxicillin,1690262.6,1127
2023-12-01,KA,Karnataka,small_ruminants,enro,Enrofloxacin,737225.9,1474
2024-01-01,MH,Maharashtra,dairy,oxy,Oxytetracycline,19846917.2,9923
2024-01-01,MH,Maharashtra,dairy,amox,Amoxicillin,11081770.6,7388
2024-01-01,MH,Maharashtra,dairy,enro,Enrofloxacin,4332205.0,8664
2024-01-01,MH,Maharashtra,poultry,oxy,Oxytetracycline,11363577.9,5682
2024-01-01,MH,Maharashtra,poultry,amox,Amoxicillin,6591422.5,4394
2024-01-01,MH,Maharashtra,poultry,enro,Enrofloxacin,3037669.8,6075
2024-01-01,MH,Maharashtra,small_ruminants,oxy,Oxytetracycline,5822460.6,2911
2024-01-01,MH,Maharashtra,small_ruminants,amox,Amoxicillin,3099521.9,2066
2024-01-01,MH,Maharashtra,small_ruminants,enro,Enrofloxacin,1270201.5,2540
2024-01-01,GJ,Gujarat,dairy,oxy,Oxytetracycline,15032493.3,7516
2024-01-01,GJ,Gujarat,dairy,amox,Amoxicillin,9343175.4,6229
2024-01-01,GJ,Gujarat,dairy,enro,Enrofloxacin,3260085.4,6520
2024-01-01,GJ,Gujarat,poultry,oxy,Oxytetracycline,7232089.3,3616
2024-01-01,GJ,Gujarat,poultry,amox,Amoxicillin,5323932.6,3549
2024-01-01,GJ,Gujarat,poultry,enro,Enrofloxacin,1720697.0,3441
2024-01-01,GJ,Gujarat,small_ruminants,oxy,Oxytetracycline,3826487.3,1913
2024-01-01,GJ,Gujarat,small_ruminants,amox,Amoxicillin,2762773.5,1842
2024-01-01,GJ,Gujarat,small_ruminants,enro,Enrofloxacin,1038599.8,2077
2024-01-01,RJ,Rajasthan,dairy,oxy,Oxytetracycline,16700050.1,8350
2024-01-01,RJ,Rajasthan,dairy,amox,Amoxicillin,10153215.5,6769
2024-01-01,RJ,Rajasthan,dairy,enro,Enrofloxacin,4445984.1,8892
2024-01-01,RJ,Rajasthan,poultry,oxy,Oxytetracycline,11109440.3,5555
2024-01-01,RJ,Rajasthan,poultry,amox,Amoxicillin,6070702.5,4047
2024-01-01,RJ,Rajasthan,poultry,enro,Enrofloxacin,2668171.5,5336
2024-01-01,RJ,Rajasthan,small_ruminants,oxy,Oxytetracycline,4326481.0,2163
2024-01-01,RJ,Rajasthan,small_ruminants,amox,Amoxicillin,3345617.7,2230
2024-01-01,RJ,Rajasthan,small_ruminants,enro,Enrofloxacin,1282709.6,2565
2024-01-01,PB,Punjab,dairy,oxy,Oxytetracycline,10382734.9,5191
2024-01-01,PB,Punjab,dairy,amox,Amoxicillin,6661648.8,4441
2024-01-01,PB,Punjab,dairy,enro,Enrofloxacin,2940109.1,5880
2024-01-01,PB,Punjab,poultry,oxy,Oxytetracycline,7522813.9,3761
2024-01-01,PB,Punjab,poultry,amox,Amoxicillin,3691992.4,2461
2024-01-01,PB,Punjab,poultry,enro,Enrofloxacin,1778331.0,3557
2024-01-01,PB,Punjab,small_ruminants,oxy,Oxytetracycline,3664730.6,1832
2024-01-01,PB,Punjab,small_ruminants,amox,Amoxicillin,2300735.5,1534
2024-01-01,PB,Punjab,small_ruminants,enro,Enrofloxacin,1090085.5,2180
2024-01-01,KA,Karnataka,dairy,oxy,Oxytetracycline,9173522.2,4587
2024-01-01,KA,Karnataka,dairy,amox,Amoxicillin,6095461.4,4064
2024-01-01,KA,Karnataka,dairy,enro,Enrofloxacin,2204508.6,4409
2024-01-01,KA,Karnataka,poultry,oxy,Oxytetracycline,4720713.8,2360
2024-01-01,KA,Karnataka,poultry,amox,Amoxicillin,3063534.5,2042
2024-01-01,KA,Karnataka,poultry,enro,Enrofloxacin,1336725.5,2673
2024-01-01,KA,Karnataka,small_ruminants,oxy,Oxytetracycline,2885436.6,1443
2024-01-01,KA,Karnataka,small_ruminants,amox,Amoxicillin,1561281.3,1041
2024-01-01,KA,Karnataka,small_ruminants,enro,Enrofloxacin,735907.7,1472
2024-02-01,MH,Maharashtra,dairy,oxy,Oxytetracycline,20334372.5,10167
2024-02-01,MH,Maharashtra,dairy,amox,Amoxicillin,15329133.4,10219
2024-02-01,MH,Maharashtra,dairy,enro,Enrofloxacin,6024068.6,12048
2024-02-01,MH,Maharashtra,poultry,oxy,Oxytetracycline,9764064.7,4882
2024-02-01,MH,Maharashtra,poultry,amox,Amoxicillin,6386608.8,4258
2024-02-01,MH,Maharashtra,poultry,enro,Enrofloxacin,2324902.8,4650
2024-02-01,MH,Maharashtra,small_ruminants,oxy,Oxytetracycline,5301168.6,2651
2024-02-01,MH,Maharashtra,small_ruminants,amox,Amoxicillin,3579974.0,2387
2024-02-01,MH,Maharashtra,small_ruminants,enro,Enrofloxacin,1610712.5,3221
2024-02-01,GJ,Gujarat,dairy,oxy,Oxytetracycline,13521445.8,6761
2024-02-01,GJ,Gujarat,dairy,amox,Amoxicillin,8395146.6,5597
2024-02-01,GJ,Gujarat,dairy,enro,Enrofloxacin,2920705.9,5841
2024-02-01,GJ,Gujarat,poultry,oxy,Oxytetracycline,7703907.5,3852
2024-02-01,GJ,Gujarat,poultry,amox,Amoxicillin,4310847.8,2874
2024-02-01,GJ,Gujarat,poultry,enro,Enrofloxacin,1891372.5,3783
2024-02-01,GJ,Gujarat,small_ruminants,oxy,Oxytetracycline,3770761.3,1885
2024-02-01,GJ,Gujarat,small_ruminants,amox,Amoxicillin,2521624.3,1681
2024-02-01,GJ,Gujarat,small_ruminants,enro,Enrofloxacin,868759.2,1738
2024-02-01,RJ,Rajasthan,dairy,oxy,Oxytetracycline,16161771.3,8081
2024-02-01,RJ,Rajasthan,dairy,amox,Amoxicillin,14152211.5,9435
2024-02-01,RJ,Rajasthan,dairy,enro,Enrofloxacin,4211032.6,8422
2024-02-01,RJ,Rajasthan,poultry,oxy,Oxytetracycline,9054605.0,4527
2024-02-01,RJ,Rajasthan,poultry,amox,Amoxicillin,7415869.9,4944
2024-02-01,RJ,Rajasthan,poultry,enro,Enrofloxacin,3349156.1,6698
2024-02-01,RJ,Rajasthan,small_ruminants,oxy,Oxytetracycline,4738680.4,2369
2024-02-01,RJ,Rajasthan,small_ruminants,amox,Amoxicillin,3184783.9,2123
2024-02-01,RJ,Rajasthan,small_ruminants,enro,Enrofloxacin,1416485.3,2833
2024-02-01,PB,Punjab,dairy,oxy,Oxytetracycline,15661189.2,7831
2024-02-01,PB,Punjab,dairy,amox,Amoxicillin,7411886.0,4941
2024-02-01,PB,Punjab,dairy,enro,Enrofloxacin,3320938.2,6642
2024-02-01,PB,Punjab,poultry,oxy,Oxytetracycline,7727154.5,3864
2024-02-01,PB,Punjab,poultry,amox,Amoxicillin,4607531.9,3072
2024-02-01,PB,Punjab,poultry,enro,Enrofloxacin,1759250.2,3519
2024-02-01,PB,Punjab,small_ruminants,oxy,Oxytetracycline,3733430.8,1867
2024-02-01,PB,Punjab,small_ruminants,amox,Amoxicillin,2010023.3,1340
2024-02-01,PB,Punjab,small_ruminants,enro,Enrofloxacin,941805.5,1884
2024-02-01,KA,Karnataka,dairy,oxy,Oxytetracycline,9559746.8,4780
2024-02-01,KA,Karnataka,dairy,amox,Amoxicillin,6188508.4,4126
2024-02-01,KA,Karnataka,dairy,enro,Enrofloxacin,2364462.5,4729
2024-02-01,KA,Karnataka,poultry,oxy,Oxytetracycline,5522249.1,2761
2024-02-01,KA,Karnataka,poultry,amox,Amoxicillin,3576398.0,2384
2024-02-01,KA,Karnataka,poultry,enro,Enrofloxacin,1365139.3,2730
2024-02-01,KA,Karnataka,small_ruminants,oxy,Oxytetracycline,2881181.7,1441
2024-02-01,KA,Karnataka,small_ruminants,amox,Amoxicillin,1723077.9,1149
2024-02-01,KA,Karnataka,small_ruminants,enro,Enrofloxacin,709469.0,1419
2024-03-01,MH,Maharashtra,dairy,oxy,Oxytetracycline,18115452.8,9058
2024-03-01,MH,Maharashtra,dairy,amox,Amoxicillin,12372636.0,8248
2024-03-01,MH,Maharashtra,dairy,enro,Enrofloxacin,4890150.0,9780
2024-03-01,MH,Maharashtra,poultry,oxy,Oxytetracycline,14043407.4,7022
2024-03-01,MH,Maharashtra,poultry,amox,Amoxicillin,8255580.7,5504
2024-03-01,MH,Maharashtra,poultry,enro,Enrofloxacin,3050479.7,6101
2024-03-01,MH,Maharashtra,small_ruminants,oxy,Oxytetracycline,5482466.4,2741
2024-03-01,MH,Maharashtra,small_ruminants,amox,Amoxicillin,3240317.9,2160
2024-03-01,MH,Maharashtra,small_ruminants,enro,Enrofloxacin,1680026.0,3360
2024-03-01,GJ,Gujarat,dairy,oxy,Oxytetracycline,14672447.3,7336
2024-03-01,GJ,Gujarat,dairy,amox,Amoxicillin,9201827.9,6135
2024-03-01,GJ,Gujarat,dairy,enro,Enrofloxacin,2983308.5,5967
2024-03-01,GJ,Gujarat,poultry,oxy,Oxytetracycline,9292134.2,4646
2024-03-01,GJ,Gujarat,poultry,amox,Amoxicillin,5459653.8,3640
2024-03-01,GJ,Gujarat,poultry,enro,Enrofloxacin,1910725.5,3821
2024-03-01,GJ,Gujarat,small_ruminants,oxy,Oxytetracycline,4141291.8,2071
2024-03-01,GJ,Gujarat,small_ruminants,amox,Amoxicillin,2739587.3,1826
2024-03-01,GJ,Gujarat,small_ruminants,enro,Enrofloxacin,1104347.0,2209
2024-03-01,RJ,Rajasthan,dairy,oxy,Oxytetracycline,18073895.9,9037
2024-03-01,RJ,Rajasthan,dairy,amox,Amoxicillin,11319075.9,7546
2024-03-01,RJ,Rajasthan,dairy,enro,Enrofloxacin,4591708.6,9183
2024-03-01,RJ,Rajasthan,poultry,oxy,Oxytetracycline,11242518.2,5621
2024-03-01,RJ,Rajasthan,poultry,amox,Amoxicillin,7803815.5,5203
2024-03-01,RJ,Rajasthan,poultry,enro,Enrofloxacin,2082572.5,4165
2024-03-01,RJ,Rajasthan,small_ruminants,oxy,Oxytetracycline,5525775.0,2763
2024-03-01,RJ,Rajasthan,small_ruminants,amox,Amoxicillin,3538354.8,2359
2024-03-01,RJ,Rajasthan,small_ruminants,enro,Enrofloxacin,1474346.8,2949
2024-03-01,PB,Punjab,dairy,oxy,Oxytetracycline,12590531.8,6295
2024-03-01,PB,Punjab,dairy,amox,Amoxicillin,6619533.8,4413
2024-03-01,PB,Punjab,dairy,enro,Enrofloxacin,3412726.6,6825
2024-03-01,PB,Punjab,poultry,oxy,Oxytetracycline,9121416.7,4561
2024-03-01,PB,Punjab,poultry,amox,Amoxicillin,4043626.9,2696
2024-03-01,PB,Punjab,poultry,enro,Enrofloxacin,2135141.2,4270
2024-03-01,PB,Punjab,small_ruminants,oxy,Oxytetracycline,3844770.5,1922
2024-03-01,PB,Punjab,small_ruminants,amox,Amoxicillin,2426216.5,1617
2024-03-01,PB,Punjab,small_ruminants,enro,Enrofloxacin,898755.2,1798
2024-03-01,KA,Karnataka,dairy,oxy,Oxytetracycline,9287829.8,4644
2024-03-01,KA,Karnataka,dairy,amox,Amoxicillin,6667241.0,4445
2024-03-01,KA,Karnataka,dairy,enro,Enrofloxacin,2568757.5,5138
2024-03-01,KA,Karnataka,poultry,oxy,Oxytetracycline,6705479.0,3353
2024-03-01,KA,Karnataka,poultry,amox,Amoxicillin,3922523.1,2615
2024-03-01,KA,Karnataka,poultry,enro,Enrofloxacin,1507124.8,3014
2024-03-01,KA,Karnataka,small_ruminants,oxy,Oxytetracycline,3430640.1,1715
2024-03-01,KA,Karnataka,small_ruminants,amox,Amoxicillin,1872398.1,1248
2024-03-01,KA,Karnataka,small_ruminants,enro,Enrofloxacin,799005.6,1598
2024-04-01,MH,Maharashtra,dairy,oxy,Oxytetracycline,15769857.6,7885
2024-04-01,MH,Maharashtra,dairy,amox,Amoxicillin,10021655.3,6681
2024-04-01,MH,Maharashtra,dairy,enro,Enrofloxacin,3791052.8,7582
2024-04-01,MH,Maharashtra,poultry,oxy,Oxytetracycline,14212876.4,7106
2024-04-01,MH,Maharashtra,poultry,amox,Amoxicillin,6988907.4,4659
2024-04-01,MH,Maharashtra,poultry,enro,Enrofloxacin,3496779.4,6994
2024-04-01,MH,Maharashtra,small_ruminants,oxy,Oxytetracycline,6249262.8,3125
2024-04-01,MH,Maharashtra,small_ruminants,amox,Amoxicillin,4359600.7,2906
2024-04-01,MH,Maharashtra,small_ruminants,enro,Enrofloxacin,1717458.4,3435
2024-04-01,GJ,Gujarat,dairy,oxy,Oxytetracycline,14041509.2,7021
2024-04-01,GJ,Gujarat,dairy,amox,Amoxicillin,7806236.2,5204
2024-04-01,GJ,Gujarat,dairy,enro,Enrofloxacin,2508295.7,5017
2024-04-01,GJ,Gujarat,poultry,oxy,Oxytetracycline,9389733.0,4695
2024-04-01,GJ,Gujarat,poultry,amox,Amoxicillin,5110586.8,3407
2024-04-01,GJ,Gujarat,poultry,enro,Enrofloxacin,2245647.6,4491
2024-04-01,GJ,Gujarat,small_ruminants,oxy,Oxytetracycline,5360191.5,2680
2024-04-01,GJ,Gujarat,small_ruminants,amox,Amoxicillin,3033455.5,2022
2024-04-01,GJ,Gujarat,small_ruminants,enro,Enrofloxacin,1085113.7,2170
2024-04-01,RJ,Rajasthan,dairy,oxy,Oxytetracycline,13938889.0,6969
2024-04-01,RJ,Rajasthan,dairy,amox,Amoxicillin,9534193.0,6356
2024-04-01,RJ,Rajasthan,dairy,enro,Enrofloxacin,3417812.1,6836
2024-04-01,RJ,Rajasthan,poultry,oxy,Oxytetracycline,11515288.9,5758
2024-04-01,RJ,Rajasthan,poultry,amox,Amoxicillin,7798373.8,5199
2024-04-01,RJ,Rajasthan,poultry,enro,Enrofloxacin,3454327.2,6909
2024-04-01,RJ,Rajasthan,small_ruminants,oxy,Oxytetracycline,6450581.1,3225
2024-04-01,RJ,Rajasthan,small_ruminants,amox,Amoxicillin,2871642.4,1914
2024-04-01,RJ,Rajasthan,small_ruminants,enro,Enrofloxacin,1571777.0,3144
2024-04-01,PB,Punjab,dairy,oxy,Oxytetracycline,10933273.0,5467
2024-04-01,PB,Punjab,dairy,amox,Amoxicillin,6921873.4,4615
2024-04-01,PB,Punjab,dairy,enro,Enrofloxacin,3157854.5,6316
2024-04-01,PB,Punjab,poultry,oxy,Oxytetracycline,6856059.2,3428
2024-04-01,PB,Punjab,poultry,amox,Amoxicillin,4976769.6,3318
2024-04-01,PB,Punjab,poultry,enro,Enrofloxacin,2291178.9,4582
2024-04-01,PB,Punjab,small_ruminants,oxy,Oxytetracycline,3582192.7,1791
2024-04-01,PB,Punjab,small_ruminants,amox,Amoxicillin,2990097.4,1993
2024-04-01,PB,Punjab,small_ruminants,enro,Enrofloxacin,1104901.8,2210
2024-04-01,KA,Karnataka,dairy,oxy,Oxytetracycline,8643703.5,4322
2024-04-01,KA,Karnataka,dairy,amox,Amoxicillin,4600356.4,3067
2024-04-01,KA,Karnataka,dairy,enro,Enrofloxacin,2157181.5,4314
2024-04-01,KA,Karnataka,poultry,oxy,Oxytetracycline,7019282.5,3510
2024-04-01,KA,Karnataka,poultry,amox,Amoxicillin,3973006.2,2649
2024-04-01,KA,Karnataka,poultry,enro,Enrofloxacin,1624689.7,3249
2024-04-01,KA,Karnataka,small_ruminants,oxy,Oxytetracycline,3208321.7,1604
2024-04-01,KA,Karnataka,small_ruminants,amox,Amoxicillin,1747416.9,1165
2024-04-01,KA,Karnataka,small_ruminants,enro,Enrofloxacin,770444.0,1541
2024-05-01,MH,Maharashtra,dairy,oxy,Oxytetracycline,14937032.0,7469
2024-05-01,MH,Maharashtra,dairy,amox,Amoxicillin,9621668.1,6414
2024-05-01,MH,Maharashtra,dairy,enro,Enrofloxacin,4148239.6,8296
2024-05-01,MH,Maharashtra,poultry,oxy,Oxytetracycline,13094224.3,6547
2024-05-01,MH,Maharashtra,poultry,amox,Amoxicillin,8834451.3,5890
2024-05-01,MH,Maharashtra,poultry,enro,Enrofloxacin,4180294.4,8361
2024-05-01,MH,Maharashtra,small_ruminants,oxy,Oxytetracycline,6366081.6,3183
2024-05-01,MH,Maharashtra,small_ruminants,amox,Amoxicillin,3856004.1,2571
2024-05-01,MH,Maharashtra,small_ruminants,enro,Enrofloxacin,1744482.7,3489
2024-05-01,GJ,Gujarat,dairy,oxy,Oxytetracycline,12001351.0,6001
2024-05-01,GJ,Gujarat,dairy,amox,Amoxicillin,6766122.2,4511
2024-05-01,GJ,Gujarat,dairy,enro,Enrofloxacin,3113669.7,6227
2024-05-01,GJ,Gujarat,poultry,oxy,Oxytetracycline,11600017.1,5800
2024-05-01,GJ,Gujarat,poultry,amox,Amoxicillin,7074209.5,4716
2024-05-01,GJ,Gujarat,poultry,enro,Enrofloxacin,2800503.9,5601
2024-05-01,GJ,Gujarat,small_ruminants,oxy,Oxytetracycline,6185799.4,3093
2024-05-01,GJ,Gujarat,small_ruminants,amox,Amoxicillin,3001451.9,2001
2024-05-01,GJ,Gujarat,small_ruminants,enro,Enrofloxacin,996486.5,1993
2024-05-01,RJ,Rajasthan,dairy,oxy,Oxytetracycline,16814575.7,8407
2024-05-01,RJ,Rajasthan,dairy,amox,Amoxicillin,8448279.6,5632
2024-05-01,RJ,Rajasthan,dairy,enro,Enrofloxacin,3643365.3,7287
2024-05-01,RJ,Rajasthan,poultry,oxy,Oxytetracycline,15821434.4,7911
2024-05-01,RJ,Rajasthan,poultry,amox,Amoxicillin,7178099.4,4785
2024-05-01,RJ,Rajasthan,poultry,enro,Enrofloxacin,3044393.2,6089
2024-05-01,RJ,Rajasthan,small_ruminants,oxy,Oxytetracycline,5517878.2,2759
2024-05-01,RJ,Rajasthan,small_ruminants,amox,Amoxicillin,3695472.3,2464
2024-05-01,RJ,Rajasthan,small_ruminants,enro,Enrofloxacin,1706154.0,3412
2024-05-01,PB,Punjab,dairy,oxy,Oxytetracycline,10633437.3,5317
2024-05-01,PB,Punjab,dairy,amox,Amoxicillin,6339589.7,4226
2024-05-01,PB,Punjab,dairy,enro,Enrofloxacin,2153521.1,4307
2024-05-01,PB,Punjab,poultry,oxy,Oxytetracycline,7501315.2,3751
2024-05-01,PB,Punjab,poultry,amox,Amoxicillin,5988409.0,3992
2024-05-01,PB,Punjab,poultry,enro,Enrofloxacin,2306957.7,4614
2024-05-01,PB,Punjab,small_ruminants,oxy,Oxytetracycline,4791610.3,2396
2024-05-01,PB,Punjab,small_ruminants,amox,Amoxicillin,2993496.5,1996
2024-05-01,PB,Punjab,small_ruminants,enro,Enrofloxacin,1152786.0,2306
2024-05-01,KA,Karnataka,dairy,oxy,Oxytetracycline,7973888.7,3987
2024-05-01,KA,Karnataka,dairy,amox,Amoxicillin,4627597.0,3085
2024-05-01,KA,Karnataka,dairy,enro,Enrofloxacin,1935725.8,3871
2024-05-01,KA,Karnataka,poultry,oxy,Oxytetracycline,6650419.2,3325
2024-05-01,KA,Karnataka,poultry,amox,Amoxicillin,4289176.2,2859
2024-05-01,KA,Karnataka,poultry,enro,Enrofloxacin,1809703.9,3619
2024-05-01,KA,Karnataka,small_ruminants,oxy,Oxytetracycline,3635726.7,1818
2024-05-01,KA,Karnataka,small_ruminants,amox,Amoxicillin,1970415.8,1314
2024-05-01,KA,Karnataka,small_ruminants,enro,Enrofloxacin,876934.1,1754
2024-06-01,MH,Maharashtra,dairy,oxy,Oxytetracycline,15214260.3,7607
2024-06-01,MH,Maharashtra,dairy,amox,Amoxicillin,9410632.2,6274
2024-06-01,MH,Maharashtra,dairy,enro,Enrofloxacin,4172622.4,8345
2024-06-01,MH,Maharashtra,poultry,oxy,Oxytetracycline,12214302.8,6107
2024-06-01,MH,Maharashtra,poultry,amox,Amoxicillin,8089076.9,5393
2024-06-01,MH,Maharashtra,poultry,enro,Enrofloxacin,3203154.7,6406
2024-06-01,MH,Maharashtra,small_ruminants,oxy,Oxytetracycline,5818108.3,2909
2024-06-01,MH,Maharashtra,small_ruminants,amox,Amoxicillin,4310121.7,2873
2024-06-01,MH,Maharashtra,small_ruminants,enro,Enrofloxacin,2011057.2,4022
2024-06-01,GJ,Gujarat,dairy,oxy,Oxytetracycline,11058910.8,5529
2024-06-01,GJ,Gujarat,dairy,amox,Amoxicillin,7069363.0,4713
2024-06-01,GJ,Gujarat,dairy,enro,Enrofloxacin,3107464.9,6215
2024-06-01,GJ,Gujarat,poultry,oxy,Oxytetracycline,12585062.9,6293
2024-06-01,GJ,Gujarat,poultry,amox,Amoxicillin,6719098.1,4479
2024-06-01,GJ,Gujarat,poultry,enro,Enrofloxacin,3105190.1,6210
2024-06-01,GJ,Gujarat,small_ruminants,oxy,Oxytetracycline,5578096.0,2789
2024-06-01,GJ,Gujarat,small_ruminants,amox,Amoxicillin,3084124.9,2056
2024-06-01,GJ,Gujarat,small_ruminants,enro,Enrofloxacin,1279766.5,2560
2024-06-01,RJ,Rajasthan,dairy,oxy,Oxytetracycline,12731268.1,6366
2024-06-01,RJ,Rajasthan,dairy,amox,Amoxicillin,8297775.6,5532
2024-06-01,RJ,Rajasthan,dairy,enro,Enrofloxacin,3554420.7,7109
2024-06-01,RJ,Rajasthan,poultry,oxy,Oxytetracycline,15757130.5,7879
2024-06-01,RJ,Rajasthan,poultry,amox,Amoxicillin,10417423.2,6945
2024-06-01,RJ,Rajasthan,poultry,enro,Enrofloxacin,3100627.7,6201
2024-06-01,RJ,Rajasthan,small_ruminants,oxy,Oxytetracycline,7541054.2,3771
2024-06-01,RJ,Rajasthan,small_ruminants,amox,Amoxicillin,3961639.2,2641
2024-06-01,RJ,Rajasthan,small_ruminants,enro,Enrofloxacin,1874920.5,3750
2024-06-01,PB,Punjab,dairy,oxy,Oxytetracycline,10247011.2,5124
2024-06-01,PB,Punjab,dairy,amox,Amoxicillin,5164321.6,3443
2024-06-01,PB,Punjab,dairy,enro,Enrofloxacin,2791321.4,5583
2024-06-01,PB,Punjab,poultry,oxy,Oxytetracycline,9520821.9,4760
2024-06-01,PB,Punjab,poultry,amox,Amoxicillin,5840637.8,3894
2024-06-01,PB,Punjab,poultry,enro,Enrofloxacin,2226233.3,4452
2024-06-01,PB,Punjab,small_ruminants,oxy,Oxytetracycline,4711719.3,2356
2024-06-01,PB,Punjab,small_ruminants,amox,Amoxicillin,3200919.6,2134
2024-06-01,PB,Punjab,small_ruminants,enro,Enrofloxacin,1216742.7,2433
2024-06-01,KA,Karnataka,dairy,oxy,Oxytetracycline,7858442.7,3929
2024-06-01,KA,Karnataka,dairy,amox,Amoxicillin,4798927.2,3199
2024-06-01,KA,Karnataka,dairy,enro,Enrofloxacin,2117271.7,4235
2024-06-01,KA,Karnataka,poultry,oxy,Oxytetracycline,7171237.2,3586
2024-06-01,KA,Karnataka,poultry,amox,Amoxicillin,3852595.4,2568
2024-06-01,KA,Karnataka,poultry,enro,Enrofloxacin,2020194.7,4040
2024-06-01,KA,Karnataka,small_ruminants,oxy,Oxytetracycline,3571831.7,1786
2024-06-01,KA,Karnataka,small_ruminants,amox,Amoxicillin,2499403.2,1666
2024-06-01,KA,Karnataka,small_ruminants,enro,Enrofloxacin,942936.2,1886
2024-07-01,MH,Maharashtra,dairy,oxy,Oxytetracycline,19338549.2,9669
2024-07-01,MH,Maharashtra,dairy,amox,Amoxicillin,12322287.5,8215
2024-07-01,MH,Maharashtra,dairy,enro,Enrofloxacin,5724554.1,11449
2024-07-01,MH,Maharashtra,poultry,oxy,Oxytetracycline,18256220.8,9128
2024-07-01,MH,Maharashtra,poultry,amox,Amoxicillin,9249129.3,6166
2024-07-01,MH,Maharashtra,poultry,enro,Enrofloxacin,3754348.1,7509
2024-07-01,MH,Maharashtra,small_ruminants,oxy,Oxytetracycline,8984099.7,4492
2024-07-01,MH,Maharashtra,small_ruminants,amox,Amoxicillin,4511851.0,3008
2024-07-01,MH,Maharashtra,small_ruminants,enro,Enrofloxacin,2048763.2,4098
2024-07-01,GJ,Gujarat,dairy,oxy,Oxytetracycline,14209554.8,7105
2024-07-01,GJ,Gujarat,dairy,amox,Amoxicillin,8923593.4,5949
2024-07-01,GJ,Gujarat,dairy,enro,Enrofloxacin,3186761.0,6374
2024-07-01,GJ,Gujarat,poultry,oxy,Oxytetracycline,9243132.6,4622
2024-07-01,GJ,Gujarat,poultry,amox,Amoxicillin,5290807.9,3527
2024-07-01,GJ,Gujarat,poultry,enro,Enrofloxacin,2382189.7,4764
2024-07-01,GJ,Gujarat,small_ruminants,oxy,Oxytetracycline,5626511.6,2813
2024-07-01,GJ,Gujarat,small_ruminants,amox,Amoxicillin,3476309.0,2318
2024-07-01,GJ,Gujarat,small_ruminants,enro,Enrofloxacin,1717784.8,3436
2024-07-01,RJ,Rajasthan,dairy,oxy,Oxytetracycline,20825390.1,10413
2024-07-01,RJ,Rajasthan,dairy,amox,Amoxicillin,10300613.2,6867
2024-07-01,RJ,Rajasthan,dairy,enro,Enrofloxacin,4747031.9,9494
2024-07-01,RJ,Rajasthan,poultry,oxy,Oxytetracycline,13876577.3,6938
2024-07-01,RJ,Rajasthan,poultry,amox,Amoxicillin,8542049.5,5695
2024-07-01,RJ,Rajasthan,poultry,enro,Enrofloxacin,3604529.7,7209
2024-07-01,RJ,Rajasthan,small_ruminants,oxy,Oxytetracycline,8242363.4,4121
2024-07-01,RJ,Rajasthan,small_ruminants,amox,Amoxicillin,4557545.2,3038
2024-07-01,RJ,Rajasthan,small_ruminants,enro,Enrofloxacin,2100921.0,4202
2024-07-01,PB,Punjab,dairy,oxy,Oxytetracycline,11500457.0,5750
2024-07-01,PB,Punjab,dairy,amox,Amoxicillin,7887556.8,5258
2024-07-01,PB,Punjab,dairy,enro,Enrofloxacin,3987653.5,7975
2024-07-01,PB,Punjab,poultry,oxy,Oxytetracycline,10238913.2,5119
2024-07-01,PB,Punjab,poultry,amox,Amoxicillin,6952345.7,4635
2024-07-01,PB,Punjab,poultry,enro,Enrofloxacin,2464219.4,4928
2024-07-01,PB,Punjab,small_ruminants,oxy,Oxytetracycline,5686163.8,2843
2024-07-01,PB,Punjab,small_ruminants,amox,Amoxicillin,3244289.5,2163
2024-07-01,PB,Punjab,small_ruminants,enro,Enrofloxacin,1287917.3,2576
2024-07-01,KA,Karnataka,dairy,oxy,Oxytetracycline,8763888.1,4382
2024-07-01,KA,Karnataka,dairy,amox,Amoxicillin,6017366.0,4012
2024-07-01,KA,Karnataka,dairy,enro,Enrofloxacin,2118110.7,4236
2024-07-01,KA,Karnataka,poultry,oxy,Oxytetracycline,7820273.3,3910
2024-07-01,KA,Karnataka,poultry,amox,Amoxicillin,4933467.1,3289
2024-07-01,KA,Karnataka,poultry,enro,Enrofloxacin,1851525.5,3703
2024-07-01,KA,Karnataka,small_ruminants,oxy,Oxytetracycline,3821676.3,1911
2024-07-01,KA,Karnataka,small_ruminants,amox,Amoxicillin,2496410.7,1664
2024-07-01,KA,Karnataka,small_ruminants,enro,Enrofloxacin,928772.1,1858
2024-08-01,MH,Maharashtra,dairy,oxy,Oxytetracycline,23129469.5,11565
2024-08-01,MH,Maharashtra,dairy,amox,Amoxicillin,10470707.9,6980
2024-08-01,MH,Maharashtra,dairy,enro,Enrofloxacin,4954910.9,9910
2024-08-01,MH,Maharashtra,poultry,oxy,Oxytetracycline,11688606.4,5844
2024-08-01,MH,Maharashtra,poultry,amox,Amoxicillin,7522272.1,5015
2024-08-01,MH,Maharashtra,poultry,enro,Enrofloxacin,4020095.2,8040
2024-08-01,MH,Maharashtra,small_ruminants,oxy,Oxytetracycline,8610812.3,4305
2024-08-01,MH,Maharashtra,small_ruminants,amox,Amoxicillin,4445139.5,2963
2024-08-01,MH,Maharashtra,small_ruminants,enro,Enrofloxacin,1627933.4,3256
2024-08-01,GJ,Gujarat,dairy,oxy,Oxytetracycline,10799729.7,5400
2024-08-01,GJ,Gujarat,dairy,amox,Amoxicillin,8791712.2,5861
2024-08-01,GJ,Gujarat,dairy,enro,Enrofloxacin,4612047.9,9224
2024-08-01,GJ,Gujarat,poultry,oxy,Oxytetracycline,11052395.7,5526
2024-08-01,GJ,Gujarat,poultry,amox,Amoxicillin,6055968.3,4037
2024-08-01,GJ,Gujarat,poultry,enro,Enrofloxacin,2681324.3,5363
2024-08-01,GJ,Gujarat,small_ruminants,oxy,Oxytetracycline,4840577.6,2420
2024-08-01,GJ,Gujarat,small_ruminants,amox,Amoxicillin,3370689.5,2247
2024-08-01,GJ,Gujarat,small_ruminants,enro,Enrofloxacin,1401331.7,2803
2024-08-01,RJ,Rajasthan,dairy,oxy,Oxytetracycline,20082355.9,10041
2024-08-01,RJ,Rajasthan,dairy,amox,Amoxicillin,13251455.2,8834
2024-08-01,RJ,Rajasthan,dairy,enro,Enrofloxacin,5084600.0,10169
2024-08-01,RJ,Rajasthan,poultry,oxy,Oxytetracycline,14911300.6,7456
2024-08-01,RJ,Rajasthan,poultry,amox,Amoxicillin,7890134.0,5260
2024-08-01,RJ,Rajasthan,poultry,enro,Enrofloxacin,3695981.0,7392
2024-08-01,RJ,Rajasthan,small_ruminants,oxy,Oxytetracycline,8802266.8,4401
2024-08-01,RJ,Rajasthan,small_ruminants,amox,Amoxicillin,4143569.2,2762
2024-08-01,RJ,Rajasthan,small_ruminants,enro,Enrofloxacin,1673608.1,3347
2024-08-01,PB,Punjab,dairy,oxy,Oxytetracycline,15843617.7,7922
2024-08-01,PB,Punjab,dairy,amox,Amoxicillin,8300241.7,5533
2024-08-01,PB,Punjab,dairy,enro,Enrofloxacin,3851477.4,7703
2024-08-01,PB,Punjab,poultry,oxy,Oxytetracycline,9217105.4,4609
2024-08-01,PB,Punjab,poultry,amox,Amoxicillin,6688475.6,4459
2024-08-01,PB,Punjab,poultry,enro,Enrofloxacin,2361017.3,4722
2024-08-01,PB,Punjab,small_ruminants,oxy,Oxytetracycline,5357467.2,2679
2024-08-01,PB,Punjab,small_ruminants,amox,Amoxicillin,3656795.2,2438
2024-08-01,PB,Punjab,small_ruminants,enro,Enrofloxacin,1216350.0,2433
2024-08-01,KA,Karnataka,dairy,oxy,Oxytetracycline,9260753.2,4630
2024-08-01,KA,Karnataka,dairy,amox,Amoxicillin,5909779.0,3940
2024-08-01,KA,Karnataka,dairy,enro,Enrofloxacin,2579201.2,5158
2024-08-01,KA,Karnataka,poultry,oxy,Oxytetracycline,5949315.4,2975
2024-08-01,KA,Karnataka,poultry,amox,Amoxicillin,4541403.1,3028
2024-08-01,KA,Karnataka,poultry,enro,Enrofloxacin,1610900.0,3222
2024-08-01,KA,Karnataka,small_ruminants,oxy,Oxytetracycline,4258394.8,2129
2024-08-01,KA,Karnataka,small_ruminants,amox,Amoxicillin,1758443.4,1172
2024-08-01,KA,Karnataka,small_ruminants,enro,Enrofloxacin,849528.3,1699
2024-09-01,MH,Maharashtra,dairy,oxy,Oxytetracycline,15498884.2,7749
2024-09-01,MH,Maharashtra,dairy,amox,Amoxicillin,10338036.7,6892
2024-09-01,MH,Maharashtra,dairy,enro,Enrofloxacin,4592561.2,9185
2024-09-01,MH,Maharashtra,poultry,oxy,Oxytetracycline,13558995.3,6779
2024-09-01,MH,Maharashtra,poultry,amox,Amoxicillin,8134133.4,5423
2024-09-01,MH,Maharashtra,poultry,enro,Enrofloxacin,3266089.0,6532
2024-09-01,MH,Maharashtra,small_ruminants,oxy,Oxytetracycline,7572621.7,3786
2024-09-01,MH,Maharashtra,small_ruminants,amox,Amoxicillin,4033737.1,2689
2024-09-01,MH,Maharashtra,small_ruminants,enro,Enrofloxacin,1910199.3,3820
2024-09-01,GJ,Gujarat,dairy,oxy,Oxytetracycline,14402276.2,7201
2024-09-01,GJ,Gujarat,dairy,amox,Amoxicillin,8472633.2,5648
2024-09-01,GJ,Gujarat,dairy,enro,Enrofloxacin,3419303.4,6839
2024-09-01,GJ,Gujarat,poultry,oxy,Oxytetracycline,10299554.7,5150
2024-09-01,GJ,Gujarat,poultry,amox,Amoxicillin,7271533.5,4848
2024-09-01,GJ,Gujarat,poultry,enro,Enrofloxacin,2377848.8,4756
2024-09-01,GJ,Gujarat,small_ruminants,oxy,Oxytetracycline,5212028.7,2606
2024-09-01,GJ,Gujarat,small_ruminants,amox,Amoxicillin,3003124.8,2002
2024-09-01,GJ,Gujarat,small_ruminants,enro,Enrofloxacin,1156341.7,2313
2024-09-01,RJ,Rajasthan,dairy,oxy,Oxytetracycline,15645974.8,7823
2024-09-01,RJ,Rajasthan,dairy,amox,Amoxicillin,9845347.0,6564
2024-09-01,RJ,Rajasthan,dairy,enro,Enrofloxacin,4270401.8,8541
2024-09-01,RJ,Rajasthan,poultry,oxy,Oxytetracycline,13676283.3,6838
2024-09-01,RJ,Rajasthan,poultry,amox,Amoxicillin,8043363.2,5362
2024-09-01,RJ,Rajasthan,poultry,enro,Enrofloxacin,2941222.8,5882
2024-09-01,RJ,Rajasthan,small_ruminants,oxy,Oxytetracycline,7754273.4,3877
2024-09-01,RJ,Rajasthan,small_ruminants,amox,Amoxicillin,4619796.3,3080
2024-09-01,RJ,Rajasthan,small_ruminants,enro,Enrofloxacin,1684794.2,3370
2024-09-01,PB,Punjab,dairy,oxy,Oxytetracycline,11485248.0,5743
2024-09-01,PB,Punjab,dairy,amox,Amoxicillin,7825752.1,5217
2024-09-01,PB,Punjab,dairy,enro,Enrofloxacin,2998139.7,5996
2024-09-01,PB,Punjab,poultry,oxy,Oxytetracycline,7782021.4,3891
2024-09-01,PB,Punjab,poultry,amox,Amoxicillin,5456860.8,3638
2024-09-01,PB,Punjab,poultry,enro,Enrofloxacin,2236477.5,4473
2024-09-01,PB,Punjab,small_ruminants,oxy,Oxytetracycline,4451508.2,2226
2024-09-01,PB,Punjab,small_ruminants,amox,Amoxicillin,3009489.5,2006
2024-09-01,PB,Punjab,small_ruminants,enro,Enrofloxacin,1001087.7,2002
2024-09-01,KA,Karnataka,dairy,oxy,Oxytetracycline,10179060.8,5090
2024-09-01,KA,Karnataka,dairy,amox,Amoxicillin,6095556.5,4064
2024-09-01,KA,Karnataka,dairy,enro,Enrofloxacin,2093478.5,4187
2024-09-01,KA,Karnataka,poultry,oxy,Oxytetracycline,6891475.7,3446
2024-09-01,KA,Karnataka,poultry,amox,Amoxicillin,3046163.3,2031
2024-09-01,KA,Karnataka,poultry,enro,Enrofloxacin,1406613.1,2813
2024-09-01,KA,Karnataka,small_ruminants,oxy,Oxytetracycline,3469588.0,1735
2024-09-01,KA,Karnataka,small_ruminants,amox,Amoxicillin,1926081.6,1284
2024-09-01,KA,Karnataka,small_ruminants,enro,Enrofloxacin,916074.4,1832
2024-10-01,MH,Maharashtra,dairy,oxy,Oxytetracycline,19740370.9,9870
2024-10-01,MH,Maharashtra,dairy,amox,Amoxicillin,8753217.3,5835
2024-10-01,MH,Maharashtra,dairy,enro,Enrofloxacin,3594218.3,7188
2024-10-01,MH,Maharashtra,poultry,oxy,Oxytetracycline,12521232.0,6261
2024-10-01,MH,Maharashtra,poultry,amox,Amoxicillin,8563961.6,5709
2024-10-01,MH,Maharashtra,poultry,enro,Enrofloxacin,2559965.2,5120
2024-10-01,MH,Maharashtra,small_ruminants,oxy,Oxytetracycline,6965474.5,3483
2024-10-01,MH,Maharashtra,small_ruminants,amox,Amoxicillin,4843880.6,3229
2024-10-01,MH,Maharashtra,small_ruminants,enro,Enrofloxacin,1352631.4,2705
2024-10-01,GJ,Gujarat,dairy,oxy,Oxytetracycline,10376504.2,5188
2024-10-01,GJ,Gujarat,dairy,amox,Amoxicillin,6865412.2,4577
2024-10-01,GJ,Gujarat,dairy,enro,Enrofloxacin,2681900.0,5364
2024-10-01,GJ,Gujarat,poultry,oxy,Oxytetracycline,9567231.8,4784
2024-10-01,GJ,Gujarat,poultry,amox,Amoxicillin,5458876.3,3639
2024-10-01,GJ,Gujarat,poultry,enro,Enrofloxacin,1730084.7,3460
2024-10-01,GJ,Gujarat,small_ruminants,oxy,Oxytetracycline,5169039.3,2585
2024-10-01,GJ,Gujarat,small_ruminants,amox,Amoxicillin,2790132.1,1860
2024-10-01,GJ,Gujarat,small_ruminants,enro,Enrofloxacin,1317504.8,2635
2024-10-01,RJ,Rajasthan,dairy,oxy,Oxytetracycline,14793931.7,7397
2024-10-01,RJ,Rajasthan,dairy,amox,Amoxicillin,8914781.2,5943
2024-10-01,RJ,Rajasthan,dairy,enro,Enrofloxacin,3972235.7,7944
2024-10-01,RJ,Rajasthan,poultry,oxy,Oxytetracycline,12630800.2,6315
2024-10-01,RJ,Rajasthan,poultry,amox,Amoxicillin,7395769.9,4931
2024-10-01,RJ,Rajasthan,poultry,enro,Enrofloxacin,2329416.3,4659
2024-10-01,RJ,Rajasthan,small_ruminants,oxy,Oxytetracycline,6870488.2,3435
2024-10-01,RJ,Rajasthan,small_ruminants,amox,Amoxicillin,3525797.8,2351
2024-10-01,RJ,Rajasthan,small_ruminants,enro,Enrofloxacin,1593100.3,3186
2024-10-01,PB,Punjab,dairy,oxy,Oxytetracycline,9276939.6,4638
2024-10-01,PB,Punjab,dairy,amox,Amoxicillin,6803739.8,4536
2024-10-01,PB,Punjab,dairy,enro,Enrofloxacin,2360533.6,4721
2024-10-01,PB,Punjab,poultry,oxy,Oxytetracycline,7010678.2,3505
2024-10-01,PB,Punjab,poultry,amox,Amoxicillin,5187963.4,3459
2024-10-01,PB,Punjab,poultry,enro,Enrofloxacin,1955113.4,3910
2024-10-01,PB,Punjab,small_ruminants,oxy,Oxytetracycline,4193570.0,2097
2024-10-01,PB,Punjab,small_ruminants,amox,Amoxicillin,3080564.1,2054
2024-10-01,PB,Punjab,small_ruminants,enro,Enrofloxacin,1013813.3,2028
2024-10-01,KA,Karnataka,dairy,oxy,Oxytetracycline,7922931.7,3961
2024-10-01,KA,Karnataka,dairy,amox,Amoxicillin,4880810.5,3254
2024-10-01,KA,Karnataka,dairy,enro,Enrofloxacin,1755806.4,3512
2024-10-01,KA,Karnataka,poultry,oxy,Oxytetracycline,6148310.8,3074
2024-10-01,KA,Karnataka,poultry,amox,Amoxicillin,3345240.5,2230
2024-10-01,KA,Karnataka,poultry,enro,Enrofloxacin,1334353.8,2669
2024-10-01,KA,Karnataka,small_ruminants,oxy,Oxytetracycline,3706541.3,1853
2024-10-01,KA,Karnataka,small_ruminants,amox,Amoxicillin,1758906.8,1173
2024-10-01,KA,Karnataka,small_ruminants,enro,Enrofloxacin,586592.8,1173
2024-11-01,MH,Maharashtra,dairy,oxy,Oxytetracycline,17778945.4,8889
2024-11-01,MH,Maharashtra,dairy,amox,Amoxicillin,11556283.9,7704
2024-11-01,MH,Maharashtra,dairy,enro,Enrofloxacin,3473860.5,6948
2024-11-01,MH,Maharashtra,poultry,oxy,Oxytetracycline,8889485.1,4445
2024-11-01,MH,Maharashtra,poultry,amox,Amoxicillin,6424396.2,4283
2024-11-01,MH,Maharashtra,poultry,enro,Enrofloxacin,2532212.9,5064
2024-11-01,MH,Maharashtra,small_ruminants,oxy,Oxytetracycline,6178223.4,3089
2024-11-01,MH,Maharashtra,small_ruminants,amox,Amoxicillin,3365785.6,2244
2024-11-01,MH,Maharashtra,small_ruminants,enro,Enrofloxacin,1575432.3,3151
2024-11-01,GJ,Gujarat,dairy,oxy,Oxytetracycline,11636737.3,5818
2024-11-01,GJ,Gujarat,dairy,amox,Amoxicillin,5650053.7,3767
2024-11-01,GJ,Gujarat,dairy,enro,Enrofloxacin,2787953.9,5576
2024-11-01,GJ,Gujarat,poultry,oxy,Oxytetracycline,9595017.2,4798
2024-11-01,GJ,Gujarat,poultry,amox,Amoxicillin,4865024.8,3243
2024-11-01,GJ,Gujarat,poultry,enro,Enrofloxacin,1812860.0,3626
2024-11-01,GJ,Gujarat,small_ruminants,oxy,Oxytetracycline,4483019.5,2242
2024-11-01,GJ,Gujarat,small_ruminants,amox,Amoxicillin,2900219.8,1933
2024-11-01,GJ,Gujarat,small_ruminants,enro,Enrofloxacin,886251.8,1773
2024-11-01,RJ,Rajasthan,dairy,oxy,Oxytetracycline,14942727.7,7471
2024-11-01,RJ,Rajasthan,dairy,amox,Amoxicillin,8500057.5,5667
2024-11-01,RJ,Rajasthan,dairy,enro,Enrofloxacin,4124938.8,8250
2024-11-01,RJ,Rajasthan,poultry,oxy,Oxytetracycline,10400402.7,5200
2024-11-01,RJ,Rajasthan,poultry,amox,Amoxicillin,7430947.2,4954
2024-11-01,RJ,Rajasthan,poultry,enro,Enrofloxacin,2230071.6,4460
2024-11-01,RJ,Rajasthan,small_ruminants,oxy,Oxytetracycline,6401541.6,3201
2024-11-01,RJ,Rajasthan,small_ruminants,amox,Amoxicillin,3754277.7,2503
2024-11-01,RJ,Rajasthan,small_ruminants,enro,Enrofloxacin,1307517.4,2615
2024-11-01,PB,Punjab,dairy,oxy,Oxytetracycline,10219001.3,5110
2024-11-01,PB,Punjab,dairy,amox,Amoxicillin,6760274.3,4507
2024-11-01,PB,Punjab,dairy,enro,Enrofloxacin,2285777.4,4572
2024-11-01,PB,Punjab,poultry,oxy,Oxytetracycline,6006240.4,3003
2024-11-01,PB,Punjab,poultry,amox,Amoxicillin,4333414.3,2889
2024-11-01,PB,Punjab,poultry,enro,Enrofloxacin,1547344.3,3095
2024-11-01,PB,Punjab,small_ruminants,oxy,Oxytetracycline,3988376.5,1994
2024-11-01,PB,Punjab,small_ruminants,amox,Amoxicillin,2459550.7,1640
2024-11-01,PB,Punjab,small_ruminants,enro,Enrofloxacin,805867.2,1612
2024-11-01,KA,Karnataka,dairy,oxy,Oxytetracycline,6141040.6,3071
2024-11-01,KA,Karnataka,dairy,amox,Amoxicillin,4607591.6,3072
2024-11-01,KA,Karnataka,dairy,enro,Enrofloxacin,1630213.7,3260
2024-11-01,KA,Karnataka,poultry,oxy,Oxytetracycline,3921041.2,1961
2024-11-01,KA,Karnataka,poultry,amox,Amoxicillin,3413291.8,2276
2024-11-01,KA,Karnataka,poultry,enro,Enrofloxacin,1272224.9,2544
2024-11-01,KA,Karnataka,small_ruminants,oxy,Oxytetracycline,2797435.2,1399
2024-11-01,KA,Karnataka,small_ruminants,amox,Amoxicillin,1569848.9,1047
2024-11-01,KA,Karnataka,small_ruminants,enro,Enrofloxacin,766610.1,1533
2024-12-01,MH,Maharashtra,dairy,oxy,Oxytetracycline,16900075.6,8450
2024-12-01,MH,Maharashtra,dairy,amox,Amoxicillin,12129919.8,8087
2024-12-01,MH,Maharashtra,dairy,enro,Enrofloxacin,3990598.8,7981
2024-12-01,MH,Maharashtra,poultry,oxy,Oxytetracycline,11127533.6,5564
2024-12-01,MH,Maharashtra,poultry,amox,Amoxicillin,6318864.9,4213
2024-12-01,MH,Maharashtra,poultry,enro,Enrofloxacin,2717466.2,5435
2024-12-01,MH,Maharashtra,small_ruminants,oxy,Oxytetracycline,6446614.9,3223
2024-12-01,MH,Maharashtra,small_ruminants,amox,Amoxicillin,4095329.7,2730
2024-12-01,MH,Maharashtra,small_ruminants,enro,Enrofloxacin,1348757.8,2698
2024-12-01,GJ,Gujarat,dairy,oxy,Oxytetracycline,11259438.3,5630
2024-12-01,GJ,Gujarat,dairy,amox,Amoxicillin,6715802.6,4477
2024-12-01,GJ,Gujarat,dairy,enro,Enrofloxacin,2967902.1,5936
2024-12-01,GJ,Gujarat,poultry,oxy,Oxytetracycline,8879541.5,4440
2024-12-01,GJ,Gujarat,poultry,amox,Amoxicillin,4414942.6,2943
2024-12-01,GJ,Gujarat,poultry,enro,Enrofloxacin,1727622.1,3455
2024-12-01,GJ,Gujarat,small_ruminants,oxy,Oxytetracycline,4511327.9,2256
2024-12-01,GJ,Gujarat,small_ruminants,amox,Amoxicillin,2556449.4,1704
2024-12-01,GJ,Gujarat,small_ruminants,enro,Enrofloxacin,1119219.3,2238
2024-12-01,RJ,Rajasthan,dairy,oxy,Oxytetracycline,12157147.4,6079
2024-12-01,RJ,Rajasthan,dairy,amox,Amoxicillin,8639042.3,5759
2024-12-01,RJ,Rajasthan,dairy,enro,Enrofloxacin,3397970.0,6796
2024-12-01,RJ,Rajasthan,poultry,oxy,Oxytetracycline,7904502.0,3952
2024-12-01,RJ,Rajasthan,poultry,amox,Amoxicillin,5582615.0,3722
2024-12-01,RJ,Rajasthan,poultry,enro,Enrofloxacin,2196968.2,4394
2024-12-01,RJ,Rajasthan,small_ruminants,oxy,Oxytetracycline,5712555.9,2856
2024-12-01,RJ,Rajasthan,small_ruminants,amox,Amoxicillin,3888606.4,2592
2024-12-01,RJ,Rajasthan,small_ruminants,enro,Enrofloxacin,1336136.4,2672
2024-12-01,PB,Punjab,dairy,oxy,Oxytetracycline,9580167.2,4790
2024-12-01,PB,Punjab,dairy,amox,Amoxicillin,6359870.2,4240
2024-12-01,PB,Punjab,dairy,enro,Enrofloxacin,2751933.7,5504
2024-12-01,PB,Punjab,poultry,oxy,Oxytetracycline,6323025.8,3162
2024-12-01,PB,Punjab,poultry,amox,Amoxicillin,3813898.1,2543
2024-12-01,PB,Punjab,poultry,enro,Enrofloxacin,1725107.8,3450
2024-12-01,PB,Punjab,small_ruminants,oxy,Oxytetracycline,3880739.1,1940
2024-12-01,PB,Punjab,small_ruminants,amox,Amoxicillin,2530460.8,1687
2024-12-01,PB,Punjab,small_ruminants,enro,Enrofloxacin,924142.3,1848
2024-12-01,KA,Karnataka,dairy,oxy,Oxytetracycline,8330859.9,4165
2024-12-01,KA,Karnataka,dairy,amox,Amoxicillin,4176622.6,2784
2024-12-01,KA,Karnataka,dairy,enro,Enrofloxacin,1809330.8,3619
2024-12-01,KA,Karnataka,poultry,oxy,Oxytetracycline,4999130.3,2500
2024-12-01,KA,Karnataka,poultry,amox,Amoxicillin,2684604.3,1790
2024-12-01,KA,Karnataka,poultry,enro,Enrofloxacin,1002560.1,2005
2024-12-01,KA,Karnataka,small_ruminants,oxy,Oxytetracycline,3090774.1,1545
2024-12-01,KA,Karnataka,small_ruminants,amox,Amoxicillin,1670271.0,1114
2024-12-01,KA,Karnataka,small_ruminants,enro,Enrofloxacin,604272.6,1209
2025-01-01,MH,Maharashtra,dairy,oxy,Oxytetracycline,19002738.8,9501
2025-01-01,MH,Maharashtra,dairy,amox,Amoxicillin,12776913.1,8518
2025-01-01,MH,Maharashtra,dairy,enro,Enrofloxacin,3445434.0,6891
2025-01-01,MH,Maharashtra,poultry,oxy,Oxytetracycline,9509685.8,4755
2025-01-01,MH,Maharashtra,poultry,amox,Amoxicillin,6074604.1,4050
2025-01-01,MH,Maharashtra,poultry,enro,Enrofloxacin,2981669.9,5963
2025-01-01,MH,Maharashtra,small_ruminants,oxy,Oxytetracycline,6426175.9,3213
2025-01-01,MH,Maharashtra,small_ruminants,amox,Amoxicillin,4026729.0,2684
2025-01-01,MH,Maharashtra,small_ruminants,enro,Enrofloxacin,1288044.3,2576
2025-01-01,GJ,Gujarat,dairy,oxy,Oxytetracycline,12263565.7,6132
2025-01-01,GJ,Gujarat,dairy,amox,Amoxicillin,8622580.7,5748
2025-01-01,GJ,Gujarat,dairy,enro,Enrofloxacin,3217360.3,6435
2025-01-01,GJ,Gujarat,poultry,oxy,Oxytetracycline,8490705.2,4245
2025-01-01,GJ,Gujarat,poultry,amox,Amoxicillin,4720044.2,3147
2025-01-01,GJ,Gujarat,poultry,enro,Enrofloxacin,1916253.8,3833
2025-01-01,GJ,Gujarat,small_ruminants,oxy,Oxytetracycline,4569105.7,2285
2025-01-01,GJ,Gujarat,small_ruminants,amox,Amoxicillin,2897193.2,1931
2025-01-01,GJ,Gujarat,small_ruminants,enro,Enrofloxacin,1125948.5,2252
2025-01-01,RJ,Rajasthan,dairy,oxy,Oxytetracycline,15461698.2,7731
2025-01-01,RJ,Rajasthan,dairy,amox,Amoxicillin,8564969.6,5710
2025-01-01,RJ,Rajasthan,dairy,enro,Enrofloxacin,4731630.7,9463
2025-01-01,RJ,Rajasthan,poultry,oxy,Oxytetracycline,12031241.6,6016
2025-01-01,RJ,Rajasthan,poultry,amox,Amoxicillin,5782017.7,3855
2025-01-01,RJ,Rajasthan,poultry,enro,Enrofloxacin,2040537.4,4081
2025-01-01,RJ,Rajasthan,small_ruminants,oxy,Oxytetracycline,6069084.9,3035
2025-01-01,RJ,Rajasthan,small_ruminants,amox,Amoxicillin,3933338.8,2622
2025-01-01,RJ,Rajasthan,small_ruminants,enro,Enrofloxacin,1652644.8,3305
2025-01-01,PB,Punjab,dairy,oxy,Oxytetracycline,13165731.5,6583
2025-01-01,PB,Punjab,dairy,amox,Amoxicillin,7198913.4,4799
2025-01-01,PB,Punjab,dairy,enro,Enrofloxacin,2634948.1,5270
2025-01-01,PB,Punjab,poultry,oxy,Oxytetracycline,7305354.4,3653
2025-01-01,PB,Punjab,poultry,amox,Amoxicillin,4227512.1,2818
2025-01-01,PB,Punjab,poultry,enro,Enrofloxacin,1515234.6,3030
2025-01-01,PB,Punjab,small_ruminants,oxy,Oxytetracycline,4913162.5,2457
2025-01-01,PB,Punjab,small_ruminants,amox,Amoxicillin,2870058.1,1913
2025-01-01,PB,Punjab,small_ruminants,enro,Enrofloxacin,1049472.1,2099
2025-01-01,KA,Karnataka,dairy,oxy,Oxytetracycline,8276872.4,4138
2025-01-01,KA,Karnataka,dairy,amox,Amoxicillin,5905868.7,3937
2025-01-01,KA,Karnataka,dairy,enro,Enrofloxacin,2236466.5,4473
2025-01-01,KA,Karnataka,poultry,oxy,Oxytetracycline,5548678.9,2774
2025-01-01,KA,Karnataka,poultry,amox,Amoxicillin,3567425.5,2378
2025-01-01,KA,Karnataka,poultry,enro,Enrofloxacin,1303019.1,2606
2025-01-01,KA,Karnataka,small_ruminants,oxy,Oxytetracycline,3189060.4,1595
2025-01-01,KA,Karnataka,small_ruminants,amox,Amoxicillin,1884973.8,1257
2025-01-01,KA,Karnataka,small_ruminants,enro,Enrofloxacin,707989.2,1416
2025-02-01,MH,Maharashtra,dairy,oxy,Oxytetracycline,17842526.0,8921
2025-02-01,MH,Maharashtra,dairy,amox,Amoxicillin,13071435.8,8714
2025-02-01,MH,Maharashtra,dairy,enro,Enrofloxacin,4732236.3,9464
2025-02-01,MH,Maharashtra,poultry,oxy,Oxytetracycline,10167938.7,5084
2025-02-01,MH,Maharashtra,poultry,amox,Amoxicillin,8131119.1,5421
2025-02-01,MH,Maharashtra,poultry,enro,Enrofloxacin,3155827.4,6312
2025-02-01,MH,Maharashtra,small_ruminants,oxy,Oxytetracycline,6990498.5,3495
2025-02-01,MH,Maharashtra,small_ruminants,amox,Amoxicillin,3767348.0,2512
2025-02-01,MH,Maharashtra,small_ruminants,enro,Enrofloxacin,1611845.1,3224
2025-02-01,GJ,Gujarat,dairy,oxy,Oxytetracycline,15623128.2,7812
2025-02-01,GJ,Gujarat,dairy,amox,Amoxicillin,9489978.8,6327
2025-02-01,GJ,Gujarat,dairy,enro,Enrofloxacin,3191586.8,6383
2025-02-01,GJ,Gujarat,poultry,oxy,Oxytetracycline,8711354.6,4356
2025-02-01,GJ,Gujarat,poultry,amox,Amoxicillin,5024510.9,3350
2025-02-01,GJ,Gujarat,poultry,enro,Enrofloxacin,1673471.0,3347
2025-02-01,GJ,Gujarat,small_ruminants,oxy,Oxytetracycline,4399465.7,2200
2025-02-01,GJ,Gujarat,small_ruminants,amox,Amoxicillin,2614892.0,1743
2025-02-01,GJ,Gujarat,small_ruminants,enro,Enrofloxacin,1198049.3,2396
2025-02-01,RJ,Rajasthan,dairy,oxy,Oxytetracycline,22766612.0,11383
2025-02-01,RJ,Rajasthan,dairy,amox,Amoxicillin,12497743.9,8332
2025-02-01,RJ,Rajasthan,dairy,enro,Enrofloxacin,4953525.9,9907
2025-02-01,RJ,Rajasthan,poultry,oxy,Oxytetracycline,11270717.9,5635
2025-02-01,RJ,Rajasthan,poultry,amox,Amoxicillin,6566968.3,4378
2025-02-01,RJ,Rajasthan,poultry,enro,Enrofloxacin,2314311.3,4629
2025-02-01,RJ,Rajasthan,small_ruminants,oxy,Oxytetracycline,5832794.0,2916
2025-02-01,RJ,Rajasthan,small_ruminants,amox,Amoxicillin,3273738.5,2182
2025-02-01,RJ,Rajasthan,small_ruminants,enro,Enrofloxacin,1198446.4,2397
2025-02-01,PB,Punjab,dairy,oxy,Oxytetracycline,14857099.1,7429
2025-02-01,PB,Punjab,dairy,amox,Amoxicillin,8748227.0,5832
2025-02-01,PB,Punjab,dairy,enro,Enrofloxacin,2659212.3,5318
2025-02-01,PB,Punjab,poultry,oxy,Oxytetracycline,7496402.6,3748
2025-02-01,PB,Punjab,poultry,amox,Amoxicillin,4970587.6,3314
2025-02-01,PB,Punjab,poultry,enro,Enrofloxacin,1922620.3,3845
2025-02-01,PB,Punjab,small_ruminants,oxy,Oxytetracycline,4416483.8,2208
2025-02-01,PB,Punjab,small_ruminants,amox,Amoxicillin,2395094.2,1597
2025-02-01,PB,Punjab,small_ruminants,enro,Enrofloxacin,839994.0,1680
2025-02-01,KA,Karnataka,dairy,oxy,Oxytetracycline,9169130.4,4585
2025-02-01,KA,Karnataka,dairy,amox,Amoxicillin,6331214.7,4221
2025-02-01,KA,Karnataka,dairy,enro,Enrofloxacin,2438536.3,4877
2025-02-01,KA,Karnataka,poultry,oxy,Oxytetracycline,6232579.8,3116
2025-02-01,KA,Karnataka,poultry,amox,Amoxicillin,3647778.7,2432
2025-02-01,KA,Karnataka,poultry,enro,Enrofloxacin,1244842.0,2490
2025-02-01,KA,Karnataka,small_ruminants,oxy,Oxytetracycline,2551662.4,1276
2025-02-01,KA,Karnataka,small_ruminants,amox,Amoxicillin,1679085.6,1119
2025-02-01,KA,Karnataka,small_ruminants,enro,Enrofloxacin,680267.1,1361
2025-03-01,MH,Maharashtra,dairy,oxy,Oxytetracycline,20882025.6,10441
2025-03-01,MH,Maharashtra,dairy,amox,Amoxicillin,11958242.4,7972
2025-03-01,MH,Maharashtra,dairy,enro,Enrofloxacin,5001947.8,10004
2025-03-01,MH,Maharashtra,poultry,oxy,Oxytetracycline,12037596.4,6019
2025-03-01,MH,Maharashtra,poultry,amox,Amoxicillin,7074680.8,4716
2025-03-01,MH,Maharashtra,poultry,enro,Enrofloxacin,2992066.2,5984
2025-03-01,MH,Maharashtra,small_ruminants,oxy,Oxytetracycline,6218613.2,3109
2025-03-01,MH,Maharashtra,small_ruminants,amox,Amoxicillin,3952455.1,2635
2025-03-01,MH,Maharashtra,small_ruminants,enro,Enrofloxacin,1523605.6,3047
2025-03-01,GJ,Gujarat,dairy,oxy,Oxytetracycline,13548167.5,6774
2025-03-01,GJ,Gujarat,dairy,amox,Amoxicillin,8653265.7,5769
2025-03-01,GJ,Gujarat,dairy,enro,Enrofloxacin,3981810.4,7964
2025-03-01,GJ,Gujarat,poultry,oxy,Oxytetracycline,8037615.0,4019
2025-03-01,GJ,Gujarat,poultry,amox,Amoxicillin,4262540.7,2842
2025-03-01,GJ,Gujarat,poultry,enro,Enrofloxacin,1685090.2,3370
2025-03-01,GJ,Gujarat,small_ruminants,oxy,Oxytetracycline,4661812.7,2331
2025-03-01,GJ,Gujarat,small_ruminants,amox,Amoxicillin,2772132.3,1848
2025-03-01,GJ,Gujarat,small_ruminants,enro,Enrofloxacin,1045862.3,2092
2025-03-01,RJ,Rajasthan,dairy,oxy,Oxytetracycline,23017761.6,11509
2025-03-01,RJ,Rajasthan,dairy,amox,Amoxicillin,8962823.4,5975
2025-03-01,RJ,Rajasthan,dairy,enro,Enrofloxacin,4896900.7,9794
2025-03-01,RJ,Rajasthan,poultry,oxy,Oxytetracycline,14114493.8,7057
2025-03-01,RJ,Rajasthan,poultry,amox,Amoxicillin,6455046.3,4303
2025-03-01,RJ,Rajasthan,poultry,enro,Enrofloxacin,2695255.0,5391
2025-03-01,RJ,Rajasthan,small_ruminants,oxy,Oxytetracycline,5769985.2,2885
2025-03-01,RJ,Rajasthan,small_ruminants,amox,Amoxicillin,3386051.5,2257
2025-03-01,RJ,Rajasthan,small_ruminants,enro,Enrofloxacin,1385242.1,2770
2025-03-01,PB,Punjab,dairy,oxy,Oxytetracycline,15814085.5,7907
2025-03-01,PB,Punjab,dairy,amox,Amoxicillin,9731113.1,6487
2025-03-01,PB,Punjab,dairy,enro,Enrofloxacin,3036290.2,6073
2025-03-01,PB,Punjab,poultry,oxy,Oxytetracycline,9799034.1,4900
2025-03-01,PB,Punjab,poultry,amox,Amoxicillin,4906900.7,3271
2025-03-01,PB,Punjab,poultry,enro,Enrofloxacin,2196423.9,4393
2025-03-01,PB,Punjab,small_ruminants,oxy,Oxytetracycline,4167696.3,2084
2025-03-01,PB,Punjab,small_ruminants,amox,Amoxicillin,2531833.0,1688
2025-03-01,PB,Punjab,small_ruminants,enro,Enrofloxacin,990025.5,1980
2025-03-01,KA,Karnataka,dairy,oxy,Oxytetracycline,13257462.9,6629
2025-03-01,KA,Karnataka,dairy,amox,Amoxicillin,6478836.0,4319
2025-03-01,KA,Karnataka,dairy,enro,Enrofloxacin,2116126.9,4232
2025-03-01,KA,Karnataka,poultry,oxy,Oxytetracycline,6563084.5,3282
2025-03-01,KA,Karnataka,poultry,amox,Amoxicillin,3422697.5,2282
2025-03-01,KA,Karnataka,poultry,enro,Enrofloxacin,1288096.2,2576
2025-03-01,KA,Karnataka,small_ruminants,oxy,Oxytetracycline,3335995.4,1668
2025-03-01,KA,Karnataka,small_ruminants,amox,Amoxicillin,1820695.5,1214
2025-03-01,KA,Karnataka,small_ruminants,enro,Enrofloxacin,711548.7,1423
2025-04-01,MH,Maharashtra,dairy,oxy,Oxytetracycline,17754074.8,8877
2025-04-01,MH,Maharashtra,dairy,amox,Amoxicillin,10887038.5,7258
2025-04-01,MH,Maharashtra,dairy,enro,Enrofloxacin,4197116.3,8394
2025-04-01,MH,Maharashtra,poultry,oxy,Oxytetracycline,11375951.5,5688
2025-04-01,MH,Maharashtra,poultry,amox,Amoxicillin,8940377.2,5960
2025-04-01,MH,Maharashtra,poultry,enro,Enrofloxacin,2889241.5,5778
2025-04-01,MH,Maharashtra,small_ruminants,oxy,Oxytetracycline,5947497.5,2974
2025-04-01,MH,Maharashtra,small_ruminants,amox,Amoxicillin,4104635.7,2736
2025-04-01,MH,Maharashtra,small_ruminants,enro,Enrofloxacin,1591455.3,3183
2025-04-01,GJ,Gujarat,dairy,oxy,Oxytetracycline,11818874.9,5909
2025-04-01,GJ,Gujarat,dairy,amox,Amoxicillin,8156985.5,5438
2025-04-01,GJ,Gujarat,dairy,enro,Enrofloxacin,2481956.0,4964
2025-04-01,GJ,Gujarat,poultry,oxy,Oxytetracycline,9694942.2,4847
2025-04-01,GJ,Gujarat,poultry,amox,Amoxicillin,5642663.8,3762
2025-04-01,GJ,Gujarat,poultry,enro,Enrofloxacin,2270677.6,4541
2025-04-01,GJ,Gujarat,small_ruminants,oxy,Oxytetracycline,5117068.6,2559
2025-04-01,GJ,Gujarat,small_ruminants,amox,Amoxicillin,2654650.7,1770
2025-04-01,GJ,Gujarat,small_ruminants,enro,Enrofloxacin,1205145.8,2410
2025-04-01,RJ,Rajasthan,dairy,oxy,Oxytetracycline,17194885.6,8597
2025-04-01,RJ,Rajasthan,dairy,amox,Amoxicillin,8237523.1,5492
2025-04-01,RJ,Rajasthan,dairy,enro,Enrofloxacin,3129072.9,6258
2025-04-01,RJ,Rajasthan,poultry,oxy,Oxytetracycline,13581087.8,6791
2025-04-01,RJ,Rajasthan,poultry,amox,Amoxicillin,7906315.1,5271
2025-04-01,RJ,Rajasthan,poultry,enro,Enrofloxacin,3064551.2,6129
2025-04-01,RJ,Rajasthan,small_ruminants,oxy,Oxytetracycline,6679451.7,3340
2025-04-01,RJ,Rajasthan,small_ruminants,amox,Amoxicillin,4072425.9,2715
2025-04-01,RJ,Rajasthan,small_ruminants,enro,Enrofloxacin,1669900.2,3340
2025-04-01,PB,Punjab,dairy,oxy,Oxytetracycline,10208327.1,5104
2025-04-01,PB,Punjab,dairy,amox,Amoxicillin,6006670.0,4004
2025-04-01,PB,Punjab,dairy,enro,Enrofloxacin,2301701.7,4603
2025-04-01,PB,Punjab,poultry,oxy,Oxytetracycline,9403177.6,4702
2025-04-01,PB,Punjab,poultry,amox,Amoxicillin,6088715.3,4059
2025-04-01,PB,Punjab,poultry,enro,Enrofloxacin,1967808.0,3936
2025-04-01,PB,Punjab,small_ruminants,oxy,Oxytetracycline,3375636.6,1688
2025-04-01,PB,Punjab,small_ruminants,amox,Amoxicillin,2212713.7,1475
2025-04-01,PB,Punjab,small_ruminants,enro,Enrofloxacin,928634.8,1857
2025-04-01,KA,Karnataka,dairy,oxy,Oxytetracycline,7875941.9,3938
2025-04-01,KA,Karnataka,dairy,amox,Amoxicillin,4735431.3,3157
2025-04-01,KA,Karnataka,dairy,enro,Enrofloxacin,1878033.8,3756
2025-04-01,KA,Karnataka,poultry,oxy,Oxytetracycline,6430870.0,3215
2025-04-01,KA,Karnataka,poultry,amox,Amoxicillin,4341126.9,2894
2025-04-01,KA,Karnataka,poultry,enro,Enrofloxacin,1388131.9,2776
2025-04-01,KA,Karnataka,small_ruminants,oxy,Oxytetracycline,2987776.8,1494
2025-04-01,KA,Karnataka,small_ruminants,amox,Amoxicillin,2028003.6,1352
2025-04-01,KA,Karnataka,small_ruminants,enro,Enrofloxacin,620742.0,1241
2025-05-01,MH,Maharashtra,dairy,oxy,Oxytetracycline,17181391.6,8591
2025-05-01,MH,Maharashtra,dairy,amox,Amoxicillin,9901512.4,6601
2025-05-01,MH,Maharashtra,dairy,enro,Enrofloxacin,3670637.3,7341
2025-05-01,MH,Maharashtra,poultry,oxy,Oxytetracycline,18501474.5,9251
2025-05-01,MH,Maharashtra,poultry,amox,Amoxicillin,8873661.2,5916
2025-05-01,MH,Maharashtra,poultry,enro,Enrofloxacin,4337928.3,8676
2025-05-01,MH,Maharashtra,small_ruminants,oxy,Oxytetracycline,7328979.3,3664
2025-05-01,MH,Maharashtra,small_ruminants,amox,Amoxicillin,3876374.0,2584
2025-05-01,MH,Maharashtra,small_ruminants,enro,Enrofloxacin,1701017.3,3402
2025-05-01,GJ,Gujarat,dairy,oxy,Oxytetracycline,10554303.3,5277
2025-05-01,GJ,Gujarat,dairy,amox,Amoxicillin,6470071.6,4313
2025-05-01,GJ,Gujarat,dairy,enro,Enrofloxacin,2752136.3,5504
2025-05-01,GJ,Gujarat,poultry,oxy,Oxytetracycline,12053022.3,6027
2025-05-01,GJ,Gujarat,poultry,amox,Amoxicillin,6334088.0,4223
2025-05-01,GJ,Gujarat,poultry,enro,Enrofloxacin,2807937.7,5616
2025-05-01,GJ,Gujarat,small_ruminants,oxy,Oxytetracycline,5983280.5,2992
2025-05-01,GJ,Gujarat,small_ruminants,amox,Amoxicillin,3627652.1,2418
2025-05-01,GJ,Gujarat,small_ruminants,enro,Enrofloxacin,1263731.8,2527
2025-05-01,RJ,Rajasthan,dairy,oxy,Oxytetracycline,18124468.8,9062
2025-05-01,RJ,Rajasthan,dairy,amox,Amoxicillin,7682193.7,5121
2025-05-01,RJ,Rajasthan,dairy,enro,Enrofloxacin,3489891.2,6980
2025-05-01,RJ,Rajasthan,poultry,oxy,Oxytetracycline,14063743.4,7032
2025-05-01,RJ,Rajasthan,poultry,amox,Amoxicillin,9243810.8,6163
2025-05-01,RJ,Rajasthan,poultry,enro,Enrofloxacin,3281099.5,6562
2025-05-01,RJ,Rajasthan,small_ruminants,oxy,Oxytetracycline,7111633.3,3556
2025-05-01,RJ,Rajasthan,small_ruminants,amox,Amoxicillin,5097510.1,3398
2025-05-01,RJ,Rajasthan,small_ruminants,enro,Enrofloxacin,1606566.6,3213
2025-05-01,PB,Punjab,dairy,oxy,Oxytetracycline,11128928.3,5564
2025-05-01,PB,Punjab,dairy,amox,Amoxicillin,6168204.7,4112
2025-05-01,PB,Punjab,dairy,enro,Enrofloxacin,2401508.4,4803
2025-05-01,PB,Punjab,poultry,oxy,Oxytetracycline,10323750.1,5162
2025-05-01,PB,Punjab,poultry,amox,Amoxicillin,6370060.7,4247
2025-05-01,PB,Punjab,poultry,enro,Enrofloxacin,2569276.4,5139
2025-05-01,PB,Punjab,small_ruminants,oxy,Oxytetracycline,5643693.5,2822
2025-05-01,PB,Punjab,small_ruminants,amox,Amoxicillin,2951875.2,1968
2025-05-01,PB,Punjab,small_ruminants,enro,Enrofloxacin,1144394.9,2289
2025-05-01,KA,Karnataka,dairy,oxy,Oxytetracycline,6862738.2,3431
2025-05-01,KA,Karnataka,dairy,amox,Amoxicillin,4537532.1,3025
2025-05-01,KA,Karnataka,dairy,enro,Enrofloxacin,1885440.7,3771
2025-05-01,KA,Karnataka,poultry,oxy,Oxytetracycline,8135736.3,4068
2025-05-01,KA,Karnataka,poultry,amox,Amoxicillin,4513142.6,3009
2025-05-01,KA,Karnataka,poultry,enro,Enrofloxacin,1811339.9,3623
2025-05-01,KA,Karnataka,small_ruminants,oxy,Oxytetracycline,3688875.9,1844
2025-05-01,KA,Karnataka,small_ruminants,amox,Amoxicillin,2324733.3,1550
2025-05-01,KA,Karnataka,small_ruminants,enro,Enrofloxacin,804012.2,1608
2025-06-01,MH,Maharashtra,dairy,oxy,Oxytetracycline,16423705.7,8212
2025-06-01,MH,Maharashtra,dairy,amox,Amoxicillin,10407481.6,6938
2025-06-01,MH,Maharashtra,dairy,enro,Enrofloxacin,2690864.6,5382
2025-06-01,MH,Maharashtra,poultry,oxy,Oxytetracycline,17257117.6,8629
2025-06-01,MH,Maharashtra,poultry,amox,Amoxicillin,6242116.9,4161
2025-06-01,MH,Maharashtra,poultry,enro,Enrofloxacin,3074733.0,6149
2025-06-01,MH,Maharashtra,small_ruminants,oxy,Oxytetracycline,8642294.9,4321
2025-06-01,MH,Maharashtra,small_ruminants,amox,Amoxicillin,5122684.8,3415
2025-06-01,MH,Maharashtra,small_ruminants,enro,Enrofloxacin,1633355.8,3267
2025-06-01,GJ,Gujarat,dairy,oxy,Oxytetracycline,11294826.9,5647
2025-06-01,GJ,Gujarat,dairy,amox,Amoxicillin,8158647.4,5439
2025-06-01,GJ,Gujarat,dairy,enro,Enrofloxacin,2567941.6,5136
2025-06-01,GJ,Gujarat,poultry,oxy,Oxytetracycline,14531049.6,7266
2025-06-01,GJ,Gujarat,poultry,amox,Amoxicillin,7001699.5,4668
2025-06-01,GJ,Gujarat,poultry,enro,Enrofloxacin,2741262.9,5483
2025-06-01,GJ,Gujarat,small_ruminants,oxy,Oxytetracycline,6859466.9,3430
2025-06-01,GJ,Gujarat,small_ruminants,amox,Amoxicillin,3529632.1,2353
2025-06-01,GJ,Gujarat,small_ruminants,enro,Enrofloxacin,1178963.6,2358
2025-06-01,RJ,Rajasthan,dairy,oxy,Oxytetracycline,16256379.9,8128
2025-06-01,RJ,Rajasthan,dairy,amox,Amoxicillin,9693995.6,6463
2025-06-01,RJ,Rajasthan,dairy,enro,Enrofloxacin,3183301.6,6367
2025-06-01,RJ,Rajasthan,poultry,oxy,Oxytetracycline,15631842.0,7816
2025-06-01,RJ,Rajasthan,poultry,amox,Amoxicillin,8790429.9,5860
2025-06-01,RJ,Rajasthan,poultry,enro,Enrofloxacin,3930503.5,7861
2025-06-01,RJ,Rajasthan,small_ruminants,oxy,Oxytetracycline,8008572.0,4004
2025-06-01,RJ,Rajasthan,small_ruminants,amox,Amoxicillin,4590208.3,3060
2025-06-01,RJ,Rajasthan,small_ruminants,enro,Enrofloxacin,1770945.9,3542
2025-06-01,PB,Punjab,dairy,oxy,Oxytetracycline,11224251.9,5612
2025-06-01,PB,Punjab,dairy,amox,Amoxicillin,6869949.4,4580
2025-06-01,PB,Punjab,dairy,enro,Enrofloxacin,2184400.1,4369
2025-06-01,PB,Punjab,poultry,oxy,Oxytetracycline,9599635.2,4800
2025-06-01,PB,Punjab,poultry,amox,Amoxicillin,7013182.7,4675
2025-06-01,PB,Punjab,poultry,enro,Enrofloxacin,2271111.1,4542
2025-06-01,PB,Punjab,small_ruminants,oxy,Oxytetracycline,4575724.7,2288
2025-06-01,PB,Punjab,small_ruminants,amox,Amoxicillin,3281386.0,2188
2025-06-01,PB,Punjab,small_ruminants,enro,Enrofloxacin,1233065.9,2466
2025-06-01,KA,Karnataka,dairy,oxy,Oxytetracycline,6742309.5,3371
2025-06-01,KA,Karnataka,dairy,amox,Amoxicillin,4793934.1,3196
2025-06-01,KA,Karnataka,dairy,enro,Enrofloxacin,1881698.7,3763
2025-06-01,KA,Karnataka,poultry,oxy,Oxytetracycline,8060726.6,4030
2025-06-01,KA,Karnataka,poultry,amox,Amoxicillin,4862979.7,3242
2025-06-01,KA,Karnataka,poultry,enro,Enrofloxacin,1470473.0,2941
2025-06-01,KA,Karnataka,small_ruminants,oxy,Oxytetracycline,3993419.4,1997
2025-06-01,KA,Karnataka,small_ruminants,amox,Amoxicillin,2206641.5,1471
2025-06-01,KA,Karnataka,small_ruminants,enro,Enrofloxacin,809977.6,1620
2025-07-01,MH,Maharashtra,dairy,oxy,Oxytetracycline,23194878.5,11597
2025-07-01,MH,Maharashtra,dairy,amox,Amoxicillin,14449422.0,9633
2025-07-01,MH,Maharashtra,dairy,enro,Enrofloxacin,5581043.1,11162
2025-07-01,MH,Maharashtra,poultry,oxy,Oxytetracycline,18624441.7,9312
2025-07-01,MH,Maharashtra,poultry,amox,Amoxicillin,9603725.0,6402
2025-07-01,MH,Maharashtra,poultry,enro,Enrofloxacin,3779121.2,7558
2025-07-01,MH,Maharashtra,small_ruminants,oxy,Oxytetracycline,9509404.7,4755
2025-07-01,MH,Maharashtra,small_ruminants,amox,Amoxicillin,5273421.7,3516
2025-07-01,MH,Maharashtra,small_ruminants,enro,Enrofloxacin,1984304.1,3969
2025-07-01,GJ,Gujarat,dairy,oxy,Oxytetracycline,16467344.6,8234
2025-07-01,GJ,Gujarat,dairy,amox,Amoxicillin,8901315.9,5934
2025-07-01,GJ,Gujarat,dairy,enro,Enrofloxacin,3103330.4,6207
2025-07-01,GJ,Gujarat,poultry,oxy,Oxytetracycline,11250126.5,5625
2025-07-01,GJ,Gujarat,poultry,amox,Amoxicillin,7345565.0,4897
2025-07-01,GJ,Gujarat,poultry,enro,Enrofloxacin,2583096.2,5166
2025-07-01,GJ,Gujarat,small_ruminants,oxy,Oxytetracycline,6511791.1,3256
2025-07-01,GJ,Gujarat,small_ruminants,amox,Amoxicillin,3954845.7,2637
2025-07-01,GJ,Gujarat,small_ruminants,enro,Enrofloxacin,1333669.4,2667
2025-07-01,RJ,Rajasthan,dairy,oxy,Oxytetracycline,22168018.2,11084
2025-07-01,RJ,Rajasthan,dairy,amox,Amoxicillin,12632363.3,8422
2025-07-01,RJ,Rajasthan,dairy,enro,Enrofloxacin,4021047.0,8042
2025-07-01,RJ,Rajasthan,poultry,oxy,Oxytetracycline,18191783.9,9096
2025-07-01,RJ,Rajasthan,poultry,amox,Amoxicillin,8919098.5,5946
2025-07-01,RJ,Rajasthan,poultry,enro,Enrofloxacin,2953215.0,5906
2025-07-01,RJ,Rajasthan,small_ruminants,oxy,Oxytetracycline,7639324.0,3820
2025-07-01,RJ,Rajasthan,small_ruminants,amox,Amoxicillin,4523627.9,3016
2025-07-01,RJ,Rajasthan,small_ruminants,enro,Enrofloxacin,1908812.8,3818
2025-07-01,PB,Punjab,dairy,oxy,Oxytetracycline,13349070.2,6675
2025-07-01,PB,Punjab,dairy,amox,Amoxicillin,7796274.9,5198
2025-07-01,PB,Punjab,dairy,enro,Enrofloxacin,3193471.1,6387
2025-07-01,PB,Punjab,poultry,oxy,Oxytetracycline,10947654.9,5474
2025-07-01,PB,Punjab,poultry,amox,Amoxicillin,6420615.8,4280
2025-07-01,PB,Punjab,poultry,enro,Enrofloxacin,2414848.9,4830
2025-07-01,PB,Punjab,small_ruminants,oxy,Oxytetracycline,6031174.6,3016
2025-07-01,PB,Punjab,small_ruminants,amox,Amoxicillin,2635619.2,1757
2025-07-01,PB,Punjab,small_ruminants,enro,Enrofloxacin,1199369.8,2399
2025-07-01,KA,Karnataka,dairy,oxy,Oxytetracycline,7775568.7,3888
2025-07-01,KA,Karnataka,dairy,amox,Amoxicillin,5858714.6,3906
2025-07-01,KA,Karnataka,dairy,enro,Enrofloxacin,2168031.9,4336
2025-07-01,KA,Karnataka,poultry,oxy,Oxytetracycline,8472653.5,4236
2025-07-01,KA,Karnataka,poultry,amox,Amoxicillin,5038173.0,3359
2025-07-01,KA,Karnataka,poultry,enro,Enrofloxacin,1707186.4,3414
2025-07-01,KA,Karnataka,small_ruminants,oxy,Oxytetracycline,3909935.4,1955
2025-07-01,KA,Karnataka,small_ruminants,amox,Amoxicillin,2533609.1,1689
2025-07-01,KA,Karnataka,small_ruminants,enro,Enrofloxacin,850428.5,1701
2025-08-01,MH,Maharashtra,dairy,oxy,Oxytetracycline,23013754.5,11507
2025-08-01,MH,Maharashtra,dairy,amox,Amoxicillin,14883193.5,9922
2025-08-01,MH,Maharashtra,dairy,enro,Enrofloxacin,4782269.8,9565
2025-08-01,MH,Maharashtra,poultry,oxy,Oxytetracycline,17161257.2,8581
2025-08-01,MH,Maharashtra,poultry,amox,Amoxicillin,9980810.4,6654
2025-08-01,MH,Maharashtra,poultry,enro,Enrofloxacin,3161019.8,6322
2025-08-01,MH,Maharashtra,small_ruminants,oxy,Oxytetracycline,9438285.0,4719
2025-08-01,MH,Maharashtra,small_ruminants,amox,Amoxicillin,5415780.9,3611
2025-08-01,MH,Maharashtra,small_ruminants,enro,Enrofloxacin,1911824.8,3824
2025-08-01,GJ,Gujarat,dairy,oxy,Oxytetracycline,15137965.3,7569
2025-08-01,GJ,Gujarat,dairy,amox,Amoxicillin,8794357.9,5863
2025-08-01,GJ,Gujarat,dairy,enro,Enrofloxacin,3382823.5,6766
2025-08-01,GJ,Gujarat,poultry,oxy,Oxytetracycline,11920688.7,5960
2025-08-01,GJ,Gujarat,poultry,amox,Amoxicillin,6004099.2,4003
2025-08-01,GJ,Gujarat,poultry,enro,Enrofloxacin,2574702.1,5149
2025-08-01,GJ,Gujarat,small_ruminants,oxy,Oxytetracycline,5362980.0,2681
2025-08-01,GJ,Gujarat,small_ruminants,amox,Amoxicillin,3521683.4,2348
2025-08-01,GJ,Gujarat,small_ruminants,enro,Enrofloxacin,1350520.8,2701
2025-08-01,RJ,Rajasthan,dairy,oxy,Oxytetracycline,27687208.7,13844
2025-08-01,RJ,Rajasthan,dairy,amox,Amoxicillin,11304132.2,7536
2025-08-01,RJ,Rajasthan,dairy,enro,Enrofloxacin,5638724.6,11277
2025-08-01,RJ,Rajasthan,poultry,oxy,Oxytetracycline,15580741.5,7790
2025-08-01,RJ,Rajasthan,poultry,amox,Amoxicillin,9417669.6,6278
2025-08-01,RJ,Rajasthan,poultry,enro,Enrofloxacin,3431625.6,6863
2025-08-01,RJ,Rajasthan,small_ruminants,oxy,Oxytetracycline,8682827.5,4341
2025-08-01,RJ,Rajasthan,small_ruminants,amox,Amoxicillin,4823394.9,3216
2025-08-01,RJ,Rajasthan,small_ruminants,enro,Enrofloxacin,2103704.0,4207
2025-08-01,PB,Punjab,dairy,oxy,Oxytetracycline,14097242.7,7049
2025-08-01,PB,Punjab,dairy,amox,Amoxicillin,9641494.8,6428
2025-08-01,PB,Punjab,dairy,enro,Enrofloxacin,3001083.4,6002
2025-08-01,PB,Punjab,poultry,oxy,Oxytetracycline,10130938.0,5065
2025-08-01,PB,Punjab,poultry,amox,Amoxicillin,5335401.6,3557
2025-08-01,PB,Punjab,poultry,enro,Enrofloxacin,2314083.4,4628
2025-08-01,PB,Punjab,small_ruminants,oxy,Oxytetracycline,6317279.9,3159
2025-08-01,PB,Punjab,small_ruminants,amox,Amoxicillin,3211247.5,2141
2025-08-01,PB,Punjab,small_ruminants,enro,Enrofloxacin,1175041.8,2350
2025-08-01,KA,Karnataka,dairy,oxy,Oxytetracycline,9501019.2,4751
2025-08-01,KA,Karnataka,dairy,amox,Amoxicillin,6117205.4,4078
2025-08-01,KA,Karnataka,dairy,enro,Enrofloxacin,1942831.3,3886
2025-08-01,KA,Karnataka,poultry,oxy,Oxytetracycline,6704547.8,3352
2025-08-01,KA,Karnataka,poultry,amox,Amoxicillin,4417894.3,2945
2025-08-01,KA,Karnataka,poultry,enro,Enrofloxacin,1804849.8,3610
2025-08-01,KA,Karnataka,small_ruminants,oxy,Oxytetracycline,5118005.8,2559
2025-08-01,KA,Karnataka,small_ruminants,amox,Amoxicillin,2202209.4,1468
2025-08-01,KA,Karnataka,small_ruminants,enro,Enrofloxacin,987450.5,1975
2025-09-01,MH,Maharashtra,dairy,oxy,Oxytetracycline,20770150.6,10385
2025-09-01,MH,Maharashtra,dairy,amox,Amoxicillin,11726909.4,7818
2025-09-01,MH,Maharashtra,dairy,enro,Enrofloxacin,4618651.4,9237
2025-09-01,MH,Maharashtra,poultry,oxy,Oxytetracycline,15108739.4,7554
2025-09-01,MH,Maharashtra,poultry,amox,Amoxicillin,8915330.8,5944
2025-09-01,MH,Maharashtra,poultry,enro,Enrofloxacin,3144733.9,6289
2025-09-01,MH,Maharashtra,small_ruminants,oxy,Oxytetracycline,6943228.4,3472
2025-09-01,MH,Maharashtra,small_ruminants,amox,Amoxicillin,4008423.1,2672
2025-09-01,MH,Maharashtra,small_ruminants,enro,Enrofloxacin,1877551.1,3755
2025-09-01,GJ,Gujarat,dairy,oxy,Oxytetracycline,14015553.4,7008
2025-09-01,GJ,Gujarat,dairy,amox,Amoxicillin,7938781.8,5293
2025-09-01,GJ,Gujarat,dairy,enro,Enrofloxacin,3120732.1,6241
2025-09-01,GJ,Gujarat,poultry,oxy,Oxytetracycline,11523474.5,5762
2025-09-01,GJ,Gujarat,poultry,amox,Amoxicillin,6364665.8,4243
2025-09-01,GJ,Gujarat,poultry,enro,Enrofloxacin,2157667.3,4315
2025-09-01,GJ,Gujarat,small_ruminants,oxy,Oxytetracycline,6441988.2,3221
2025-09-01,GJ,Gujarat,small_ruminants,amox,Amoxicillin,3891440.0,2594
2025-09-01,GJ,Gujarat,small_ruminants,enro,Enrofloxacin,1302681.8,2605
2025-09-01,RJ,Rajasthan,dairy,oxy,Oxytetracycline,21521162.6,10761
2025-09-01,RJ,Rajasthan,dairy,amox,Amoxicillin,12963688.7,8642
2025-09-01,RJ,Rajasthan,dairy,enro,Enrofloxacin,4786833.1,9574
2025-09-01,RJ,Rajasthan,poultry,oxy,Oxytetracycline,15415733.1,7708
2025-09-01,RJ,Rajasthan,poultry,amox,Amoxicillin,9050897.5,6034
2025-09-01,RJ,Rajasthan,poultry,enro,Enrofloxacin,3350564.1,6701
2025-09-01,RJ,Rajasthan,small_ruminants,oxy,Oxytetracycline,6950578.8,3475
2025-09-01,RJ,Rajasthan,small_ruminants,amox,Amoxicillin,4912320.2,3275
2025-09-01,RJ,Rajasthan,small_ruminants,enro,Enrofloxacin,1479995.3,2960
2025-09-01,PB,Punjab,dairy,oxy,Oxytetracycline,11951408.3,5976
2025-09-01,PB,Punjab,dairy,amox,Amoxicillin,8582525.7,5722
2025-09-01,PB,Punjab,dairy,enro,Enrofloxacin,3029239.7,6058
2025-09-01,PB,Punjab,poultry,oxy,Oxytetracycline,11044982.4,5522
2025-09-01,PB,Punjab,poultry,amox,Amoxicillin,5470219.1,3647
2025-09-01,PB,Punjab,poultry,enro,Enrofloxacin,1831029.7,3662
2025-09-01,PB,Punjab,small_ruminants,oxy,Oxytetracycline,5044216.8,2522
2025-09-01,PB,Punjab,small_ruminants,amox,Amoxicillin,3053482.0,2036
2025-09-01,PB,Punjab,small_ruminants,enro,Enrofloxacin,1121242.3,2242
2025-09-01,KA,Karnataka,dairy,oxy,Oxytetracycline,10455113.8,5228
2025-09-01,KA,Karnataka,dairy,amox,Amoxicillin,5285416.6,3524
2025-09-01,KA,Karnataka,dairy,enro,Enrofloxacin,2081404.9,4163
2025-09-01,KA,Karnataka,poultry,oxy,Oxytetracycline,6266830.1,3133
2025-09-01,KA,Karnataka,poultry,amox,Amoxicillin,4243809.3,2829
2025-09-01,KA,Karnataka,poultry,enro,Enrofloxacin,1489473.6,2979
2025-09-01,KA,Karnataka,small_ruminants,oxy,Oxytetracycline,3458019.9,1729
2025-09-01,KA,Karnataka,small_ruminants,amox,Amoxicillin,2131482.5,1421
2025-09-01,KA,Karnataka,small_ruminants,enro,Enrofloxacin,785678.0,1571
2025-10-01,MH,Maharashtra,dairy,oxy,Oxytetracycline,17401633.0,8701
2025-10-01,MH,Maharashtra,dairy,amox,Amoxicillin,12335629.9,8224
2025-10-01,MH,Maharashtra,dairy,enro,Enrofloxacin,3836891.8,7674
2025-10-01,MH,Maharashtra,poultry,oxy,Oxytetracycline,12972652.3,6486
2025-10-01,MH,Maharashtra,poultry,amox,Amoxicillin,6157024.1,4105
2025-10-01,MH,Maharashtra,poultry,enro,Enrofloxacin,2623386.1,5247
2025-10-01,MH,Maharashtra,small_ruminants,oxy,Oxytetracycline,7192862.4,3596
2025-10-01,MH,Maharashtra,small_ruminants,amox,Amoxicillin,4031570.5,2688
2025-10-01,MH,Maharashtra,small_ruminants,enro,Enrofloxacin,1821710.6,3643
2025-10-01,GJ,Gujarat,dairy,oxy,Oxytetracycline,12486595.0,6243
2025-10-01,GJ,Gujarat,dairy,amox,Amoxicillin,8373203.5,5582
2025-10-01,GJ,Gujarat,dairy,enro,Enrofloxacin,2740003.4,5480
2025-10-01,GJ,Gujarat,poultry,oxy,Oxytetracycline,9474340.1,4737
2025-10-01,GJ,Gujarat,poultry,amox,Amoxicillin,5465781.0,3644
2025-10-01,GJ,Gujarat,poultry,enro,Enrofloxacin,2025408.6,4051
2025-10-01,GJ,Gujarat,small_ruminants,oxy,Oxytetracycline,6145336.1,3073
2025-10-01,GJ,Gujarat,small_ruminants,amox,Amoxicillin,2353079.3,1569
2025-10-01,GJ,Gujarat,small_ruminants,enro,Enrofloxacin,899666.1,1799
2025-10-01,RJ,Rajasthan,dairy,oxy,Oxytetracycline,16370452.2,8185
2025-10-01,RJ,Rajasthan,dairy,amox,Amoxicillin,10171555.7,6781
2025-10-01,RJ,Rajasthan,dairy,enro,Enrofloxacin,4028373.4,8057
2025-10-01,RJ,Rajasthan,poultry,oxy,Oxytetracycline,13479014.0,6740
2025-10-01,RJ,Rajasthan,poultry,amox,Amoxicillin,7261202.1,4841
2025-10-01,RJ,Rajasthan,poultry,enro,Enrofloxacin,3087165.8,6174
2025-10-01,RJ,Rajasthan,small_ruminants,oxy,Oxytetracycline,7886678.0,3943
2025-10-01,RJ,Rajasthan,small_ruminants,amox,Amoxicillin,4272415.9,2848
2025-10-01,RJ,Rajasthan,small_ruminants,enro,Enrofloxacin,1706315.7,3413
2025-10-01,PB,Punjab,dairy,oxy,Oxytetracycline,11737935.4,5869
2025-10-01,PB,Punjab,dairy,amox,Amoxicillin,6291149.1,4194
2025-10-01,PB,Punjab,dairy,enro,Enrofloxacin,2607734.1,5215
2025-10-01,PB,Punjab,poultry,oxy,Oxytetracycline,8589248.9,4295
2025-10-01,PB,Punjab,poultry,amox,Amoxicillin,4956244.0,3304
2025-10-01,PB,Punjab,poultry,enro,Enrofloxacin,2079273.7,4159
2025-10-01,PB,Punjab,small_ruminants,oxy,Oxytetracycline,3562886.4,1781
2025-10-01,PB,Punjab,small_ruminants,amox,Amoxicillin,2362797.4,1575
2025-10-01,PB,Punjab,small_ruminants,enro,Enrofloxacin,887328.1,1775
2025-10-01,KA,Karnataka,dairy,oxy,Oxytetracycline,7957942.3,3979
2025-10-01,KA,Karnataka,dairy,amox,Amoxicillin,4686851.3,3125
2025-10-01,KA,Karnataka,dairy,enro,Enrofloxacin,1487644.8,2975
2025-10-01,KA,Karnataka,poultry,oxy,Oxytetracycline,5534738.0,2767
2025-10-01,KA,Karnataka,poultry,amox,Amoxicillin,3267806.6,2179
2025-10-01,KA,Karnataka,poultry,enro,Enrofloxacin,1622375.2,3245
2025-10-01,KA,Karnataka,small_ruminants,oxy,Oxytetracycline,4025432.6,2013
2025-10-01,KA,Karnataka,small_ruminants,amox,Amoxicillin,1904658.0,1270
2025-10-01,KA,Karnataka,small_ruminants,enro,Enrofloxacin,697214.0,1394
2025-11-01,MH,Maharashtra,dairy,oxy,Oxytetracycline,14722555.7,7361
2025-11-01,MH,Maharashtra,dairy,amox,Amoxicillin,7869393.7,5246
2025-11-01,MH,Maharashtra,dairy,enro,Enrofloxacin,3534725.5,7069
2025-11-01,MH,Maharashtra,poultry,oxy,Oxytetracycline,10781508.3,5391
2025-11-01,MH,Maharashtra,poultry,amox,Amoxicillin,6942632.3,4628
2025-11-01,MH,Maharashtra,poultry,enro,Enrofloxacin,2163031.1,4326
2025-11-01,MH,Maharashtra,small_ruminants,oxy,Oxytetracycline,6320224.9,3160
2025-11-01,MH,Maharashtra,small_ruminants,amox,Amoxicillin,4059309.8,2706
2025-11-01,MH,Maharashtra,small_ruminants,enro,Enrofloxacin,1524874.5,3050
2025-11-01,GJ,Gujarat,dairy,oxy,Oxytetracycline,12283449.5,6142
2025-11-01,GJ,Gujarat,dairy,amox,Amoxicillin,5964777.0,3977
2025-11-01,GJ,Gujarat,dairy,enro,Enrofloxacin,2722181.5,5444
2025-11-01,GJ,Gujarat,poultry,oxy,Oxytetracycline,7810311.2,3905
2025-11-01,GJ,Gujarat,poultry,amox,Amoxicillin,5261159.4,3507
2025-11-01,GJ,Gujarat,poultry,enro,Enrofloxacin,1803723.8,3607
2025-11-01,GJ,Gujarat,small_ruminants,oxy,Oxytetracycline,4182151.3,2091
2025-11-01,GJ,Gujarat,small_ruminants,amox,Amoxicillin,2737142.2,1825
2025-11-01,GJ,Gujarat,small_ruminants,enro,Enrofloxacin,1069145.6,2138
2025-11-01,RJ,Rajasthan,dairy,oxy,Oxytetracycline,17098658.9,8549
2025-11-01,RJ,Rajasthan,dairy,amox,Amoxicillin,9299966.7,6200
2025-11-01,RJ,Rajasthan,dairy,enro,Enrofloxacin,4014904.1,8030
2025-11-01,RJ,Rajasthan,poultry,oxy,Oxytetracycline,12768706.9,6384
2025-11-01,RJ,Rajasthan,poultry,amox,Amoxicillin,6617418.6,4412
2025-11-01,RJ,Rajasthan,poultry,enro,Enrofloxacin,2694788.9,5390
2025-11-01,RJ,Rajasthan,small_ruminants,oxy,Oxytetracycline,7907811.7,3954
2025-11-01,RJ,Rajasthan,small_ruminants,amox,Amoxicillin,4640334.3,3094
2025-11-01,RJ,Rajasthan,small_ruminants,enro,Enrofloxacin,1256116.7,2512
2025-11-01,PB,Punjab,dairy,oxy,Oxytetracycline,9621431.7,4811
2025-11-01,PB,Punjab,dairy,amox,Amoxicillin,7086171.9,4724
2025-11-01,PB,Punjab,dairy,enro,Enrofloxacin,2004867.9,4010
2025-11-01,PB,Punjab,poultry,oxy,Oxytetracycline,6625085.7,3313
2025-11-01,PB,Punjab,poultry,amox,Amoxicillin,4226399.4,2818
2025-11-01,PB,Punjab,poultry,enro,Enrofloxacin,1682187.5,3364
2025-11-01,PB,Punjab,small_ruminants,oxy,Oxytetracycline,4316671.3,2158
2025-11-01,PB,Punjab,small_ruminants,amox,Amoxicillin,2372584.5,1582
2025-11-01,PB,Punjab,small_ruminants,enro,Enrofloxacin,860008.5,1720
2025-11-01,KA,Karnataka,dairy,oxy,Oxytetracycline,7111883.0,3556
2025-11-01,KA,Karnataka,dairy,amox,Amoxicillin,4056529.6,2704
2025-11-01,KA,Karnataka,dairy,enro,Enrofloxacin,1976301.4,3953
2025-11-01,KA,Karnataka,poultry,oxy,Oxytetracycline,5677314.1,2839
2025-11-01,KA,Karnataka,poultry,amox,Amoxicillin,3486322.6,2324
2025-11-01,KA,Karnataka,poultry,enro,Enrofloxacin,1101925.4,2204
2025-11-01,KA,Karnataka,small_ruminants,oxy,Oxytetracycline,3090855.0,1545
2025-11-01,KA,Karnataka,small_ruminants,amox,Amoxicillin,1698785.3,1133
2025-11-01,KA,Karnataka,small_ruminants,enro,Enrofloxacin,486335.5,973
2025-12-01,MH,Maharashtra,dairy,oxy,Oxytetracycline,15286168.8,7643
2025-12-01,MH,Maharashtra,dairy,amox,Amoxicillin,8470021.2,5647
2025-12-01,MH,Maharashtra,dairy,enro,Enrofloxacin,2931925.4,5864
2025-12-01,MH,Maharashtra,poultry,oxy,Oxytetracycline,10240156.5,5120
2025-12-01,MH,Maharashtra,poultry,amox,Amoxicillin,7683759.3,5123
2025-12-01,MH,Maharashtra,poultry,enro,Enrofloxacin,2470636.2,4941
2025-12-01,MH,Maharashtra,small_ruminants,oxy,Oxytetracycline,7437560.1,3719
2025-12-01,MH,Maharashtra,small_ruminants,amox,Amoxicillin,4000818.8,2667
2025-12-01,MH,Maharashtra,small_ruminants,enro,Enrofloxacin,1515600.3,3031
2025-12-01,GJ,Gujarat,dairy,oxy,Oxytetracycline,11419010.3,5710
2025-12-01,GJ,Gujarat,dairy,amox,Amoxicillin,7679063.9,5119
2025-12-01,GJ,Gujarat,dairy,enro,Enrofloxacin,2839590.3,5679
2025-12-01,GJ,Gujarat,poultry,oxy,Oxytetracycline,7757810.5,3879
2025-12-01,GJ,Gujarat,poultry,amox,Amoxicillin,5054501.4,3370
2025-12-01,GJ,Gujarat,poultry,enro,Enrofloxacin,1834552.6,3669
2025-12-01,GJ,Gujarat,small_ruminants,oxy,Oxytetracycline,4406624.2,2203
2025-12-01,GJ,Gujarat,small_ruminants,amox,Amoxicillin,2406748.9,1604
2025-12-01,GJ,Gujarat,small_ruminants,enro,Enrofloxacin,866955.9,1734
2025-12-01,RJ,Rajasthan,dairy,oxy,Oxytetracycline,17331876.5,8666
2025-12-01,RJ,Rajasthan,dairy,amox,Amoxicillin,10367987.4,6912
2025-12-01,RJ,Rajasthan,dairy,enro,Enrofloxacin,3394243.3,6788
2025-12-01,RJ,Rajasthan,poultry,oxy,Oxytetracycline,11302167.7,5651
2025-12-01,RJ,Rajasthan,poultry,amox,Amoxicillin,6961787.5,4641
2025-12-01,RJ,Rajasthan,poultry,enro,Enrofloxacin,2567774.1,5136
2025-12-01,RJ,Rajasthan,small_ruminants,oxy,Oxytetracycline,7375327.1,3688
2025-12-01,RJ,Rajasthan,small_ruminants,amox,Amoxicillin,4206650.9,2804
2025-12-01,RJ,Rajasthan,small_ruminants,enro,Enrofloxacin,1232555.3,2465
2025-12-01,PB,Punjab,dairy,oxy,Oxytetracycline,13176000.8,6588
2025-12-01,PB,Punjab,dairy,amox,Amoxicillin,6197797.8,4132
2025-12-01,PB,Punjab,dairy,enro,Enrofloxacin,2610393.0,5221
2025-12-01,PB,Punjab,poultry,oxy,Oxytetracycline,7448244.3,3724
2025-12-01,PB,Punjab,poultry,amox,Amoxicillin,4116776.7,2745
2025-12-01,PB,Punjab,poultry,enro,Enrofloxacin,1270150.0,2540
2025-12-01,PB,Punjab,small_ruminants,oxy,Oxytetracycline,4118277.4,2059
2025-12-01,PB,Punjab,small_ruminants,amox,Amoxicillin,2052722.1,1368
2025-12-01,PB,Punjab,small_ruminants,enro,Enrofloxacin,963093.9,1926
2025-12-01,KA,Karnataka,dairy,oxy,Oxytetracycline,9371389.2,4686
2025-12-01,KA,Karnataka,dairy,amox,Amoxicillin,4338271.7,2892
2025-12-01,KA,Karnataka,dairy,enro,Enrofloxacin,1745170.3,3490
2025-12-01,KA,Karnataka,poultry,oxy,Oxytetracycline,4950759.8,2475
2025-12-01,KA,Karnataka,poultry,amox,Amoxicillin,2897989.4,1932
2025-12-01,KA,Karnataka,poultry,enro,Enrofloxacin,1197342.1,2395
2025-12-01,KA,Karnataka,small_ruminants,oxy,Oxytetracycline,3011752.4,1506
2025-12-01,KA,Karnataka,small_ruminants,amox,Amoxicillin,2056184.0,1371
2025-12-01,KA,Karnataka,small_ruminants,enro,Enrofloxacin,599068.3,1198
2026-01-01,MH,Maharashtra,dairy,oxy,Oxytetracycline,22900882.2,11450
2026-01-01,MH,Maharashtra,dairy,amox,Amoxicillin,12237686.4,8158
2026-01-01,MH,Maharashtra,dairy,enro,Enrofloxacin,4759849.9,9520
2026-01-01,MH,Maharashtra,poultry,oxy,Oxytetracycline,11592589.7,5796
2026-01-01,MH,Maharashtra,poultry,amox,Amoxicillin,7029001.6,4686
2026-01-01,MH,Maharashtra,poultry,enro,Enrofloxacin,2540131.4,5080
2026-01-01,MH,Maharashtra,small_ruminants,oxy,Oxytetracycline,6214481.7,3107
2026-01-01,MH,Maharashtra,small_ruminants,amox,Amoxicillin,4208894.0,2806
2026-01-01,MH,Maharashtra,small_ruminants,enro,Enrofloxacin,1529452.1,3059
2026-01-01,GJ,Gujarat,dairy,oxy,Oxytetracycline,15590322.6,7795
2026-01-01,GJ,Gujarat,dairy,amox,Amoxicillin,9848530.7,6566
2026-01-01,GJ,Gujarat,dairy,enro,Enrofloxacin,3523833.5,7048
2026-01-01,GJ,Gujarat,poultry,oxy,Oxytetracycline,8256172.2,4128
2026-01-01,GJ,Gujarat,poultry,amox,Amoxicillin,5161174.4,3441
2026-01-01,GJ,Gujarat,poultry,enro,Enrofloxacin,1682027.0,3364
2026-01-01,GJ,Gujarat,small_ruminants,oxy,Oxytetracycline,4804667.3,2402
2026-01-01,GJ,Gujarat,small_ruminants,amox,Amoxicillin,2613702.1,1742
2026-01-01,GJ,Gujarat,small_ruminants,enro,Enrofloxacin,1164877.7,2330
2026-01-01,RJ,Rajasthan,dairy,oxy,Oxytetracycline,20926644.6,10463
2026-01-01,RJ,Rajasthan,dairy,amox,Amoxicillin,11516744.7,7678
2026-01-01,RJ,Rajasthan,dairy,enro,Enrofloxacin,4814151.5,9628
2026-01-01,RJ,Rajasthan,poultry,oxy,Oxytetracycline,9214559.8,4607
2026-01-01,RJ,Rajasthan,poultry,amox,Amoxicillin,5480109.3,3653
2026-01-01,RJ,Rajasthan,poultry,enro,Enrofloxacin,2706249.0,5412
2026-01-01,RJ,Rajasthan,small_ruminants,oxy,Oxytetracycline,6616675.8,3308
2026-01-01,RJ,Rajasthan,small_ruminants,amox,Amoxicillin,3930818.2,2621
2026-01-01,RJ,Rajasthan,small_ruminants,enro,Enrofloxacin,1215026.2,2430
2026-01-01,PB,Punjab,dairy,oxy,Oxytetracycline,13184176.9,6592
2026-01-01,PB,Punjab,dairy,amox,Amoxicillin,9183549.0,6122
2026-01-01,PB,Punjab,dairy,enro,Enrofloxacin,2971227.2,5942
2026-01-01,PB,Punjab,poultry,oxy,Oxytetracycline,7833101.8,3917
2026-01-01,PB,Punjab,poultry,amox,Amoxicillin,4263490.5,2842
2026-01-01,PB,Punjab,poultry,enro,Enrofloxacin,1536805.4,3074
2026-01-01,PB,Punjab,small_ruminants,oxy,Oxytetracycline,3387809.8,1694
2026-01-01,PB,Punjab,small_ruminants,amox,Amoxicillin,2556151.5,1704
2026-01-01,PB,Punjab,small_ruminants,enro,Enrofloxacin,969674.1,1939
2026-01-01,KA,Karnataka,dairy,oxy,Oxytetracycline,8026426.4,4013
2026-01-01,KA,Karnataka,dairy,amox,Amoxicillin,5140834.0,3427
2026-01-01,KA,Karnataka,dairy,enro,Enrofloxacin,1737494.5,3475
2026-01-01,KA,Karnataka,poultry,oxy,Oxytetracycline,5017156.4,2509
2026-01-01,KA,Karnataka,poultry,amox,Amoxicillin,3225753.7,2151
2026-01-01,KA,Karnataka,poultry,enro,Enrofloxacin,906551.5,1813
2026-01-01,KA,Karnataka,small_ruminants,oxy,Oxytetracycline,3293906.0,1647
2026-01-01,KA,Karnataka,small_ruminants,amox,Amoxicillin,1928206.6,1285
2026-01-01,KA,Karnataka,small_ruminants,enro,Enrofloxacin,623934.4,1248
2026-02-01,MH,Maharashtra,dairy,oxy,Oxytetracycline,17708617.2,8854
2026-02-01,MH,Maharashtra,dairy,amox,Amoxicillin,12316798.0,8211
2026-02-01,MH,Maharashtra,dairy,enro,Enrofloxacin,5560027.7,11120
2026-02-01,MH,Maharashtra,poultry,oxy,Oxytetracycline,9132690.1,4566
2026-02-01,MH,Maharashtra,poultry,amox,Amoxicillin,7090134.0,4727
2026-02-01,MH,Maharashtra,poultry,enro,Enrofloxacin,2344157.0,4688
2026-02-01,MH,Maharashtra,small_ruminants,oxy,Oxytetracycline,7211066.3,3606
2026-02-01,MH,Maharashtra,small_ruminants,amox,Amoxicillin,3615016.8,2410
2026-02-01,MH,Maharashtra,small_ruminants,enro,Enrofloxacin,1459377.6,2919
2026-02-01,GJ,Gujarat,dairy,oxy,Oxytetracycline,17563852.4,8782
2026-02-01,GJ,Gujarat,dairy,amox,Amoxicillin,11386390.1,7591
2026-02-01,GJ,Gujarat,dairy,enro,Enrofloxacin,3377524.0,6755
2026-02-01,GJ,Gujarat,poultry,oxy,Oxytetracycline,9261819.9,4631
2026-02-01,GJ,Gujarat,poultry,amox,Amoxicillin,4398329.9,2932
2026-02-01,GJ,Gujarat,poultry,enro,Enrofloxacin,2071486.3,4143
2026-02-01,GJ,Gujarat,small_ruminants,oxy,Oxytetracycline,4352749.4,2176
2026-02-01,GJ,Gujarat,small_ruminants,amox,Amoxicillin,2573323.4,1716
2026-02-01,GJ,Gujarat,small_ruminants,enro,Enrofloxacin,974809.5,1950
2026-02-01,RJ,Rajasthan,dairy,oxy,Oxytetracycline,19283342.4,9642
2026-02-01,RJ,Rajasthan,dairy,amox,Amoxicillin,13603314.9,9069
2026-02-01,RJ,Rajasthan,dairy,enro,Enrofloxacin,5300883.5,10602
2026-02-01,RJ,Rajasthan,poultry,oxy,Oxytetracycline,12631666.5,6316
2026-02-01,RJ,Rajasthan,poultry,amox,Amoxicillin,6006305.5,4004
2026-02-01,RJ,Rajasthan,poultry,enro,Enrofloxacin,2563094.3,5126
2026-02-01,RJ,Rajasthan,small_ruminants,oxy,Oxytetracycline,6957590.9,3479
2026-02-01,RJ,Rajasthan,small_ruminants,amox,Amoxicillin,3061041.3,2041
2026-02-01,RJ,Rajasthan,small_ruminants,enro,Enrofloxacin,1222491.4,2445
2026-02-01,PB,Punjab,dairy,oxy,Oxytetracycline,16223609.1,8112
2026-02-01,PB,Punjab,dairy,amox,Amoxicillin,8846902.6,5898
2026-02-01,PB,Punjab,dairy,enro,Enrofloxacin,3197459.5,6395
2026-02-01,PB,Punjab,poultry,oxy,Oxytetracycline,9498519.5,4749
2026-02-01,PB,Punjab,poultry,amox,Amoxicillin,4842131.4,3228
2026-02-01,PB,Punjab,poultry,enro,Enrofloxacin,1757423.3,3515
2026-02-01,PB,Punjab,small_ruminants,oxy,Oxytetracycline,5372938.3,2686
2026-02-01,PB,Punjab,small_ruminants,amox,Amoxicillin,2388993.2,1593
2026-02-01,PB,Punjab,small_ruminants,enro,Enrofloxacin,800836.9,1602
2026-02-01,KA,Karnataka,dairy,oxy,Oxytetracycline,11205439.7,5603
2026-02-01,KA,Karnataka,dairy,amox,Amoxicillin,6464368.2,4310
2026-02-01,KA,Karnataka,dairy,enro,Enrofloxacin,2079733.1,4159
2026-02-01,KA,Karnataka,poultry,oxy,Oxytetracycline,5174232.0,2587
2026-02-01,KA,Karnataka,poultry,amox,Amoxicillin,4093108.7,2729
2026-02-01,KA,Karnataka,poultry,enro,Enrofloxacin,1217328.4,2435
2026-02-01,KA,Karnataka,small_ruminants,oxy,Oxytetracycline,2822235.7,1411
2026-02-01,KA,Karnataka,small_ruminants,amox,Amoxicillin,1915634.2,1277
2026-02-01,KA,Karnataka,small_ruminants,enro,Enrofloxacin,615354.1,1231
2026-03-01,MH,Maharashtra,dairy,oxy,Oxytetracycline,22517013.5,11259
2026-03-01,MH,Maharashtra,dairy,amox,Amoxicillin,14143213.4,9429
2026-03-01,MH,Maharashtra,dairy,enro,Enrofloxacin,4196407.1,8393
2026-03-01,MH,Maharashtra,poultry,oxy,Oxytetracycline,14224708.5,7112
2026-03-01,MH,Maharashtra,poultry,amox,Amoxicillin,9487864.4,6325
2026-03-01,MH,Maharashtra,poultry,enro,Enrofloxacin,2999851.0,6000
2026-03-01,MH,Maharashtra,small_ruminants,oxy,Oxytetracycline,6758559.9,3379
2026-03-01,MH,Maharashtra,small_ruminants,amox,Amoxicillin,3864229.9,2576
2026-03-01,MH,Maharashtra,small_ruminants,enro,Enrofloxacin,1404850.5,2810
2026-03-01,GJ,Gujarat,dairy,oxy,Oxytetracycline,15870447.2,7935
2026-03-01,GJ,Gujarat,dairy,amox,Amoxicillin,9046064.6,6031
2026-03-01,GJ,Gujarat,dairy,enro,Enrofloxacin,3655654.4,7311
2026-03-01,GJ,Gujarat,poultry,oxy,Oxytetracycline,8006750.7,4003
2026-03-01,GJ,Gujarat,poultry,amox,Amoxicillin,6073704.6,4049
2026-03-01,GJ,Gujarat,poultry,enro,Enrofloxacin,1916181.7,3832
2026-03-01,GJ,Gujarat,small_ruminants,oxy,Oxytetracycline,5136937.8,2568
2026-03-01,GJ,Gujarat,small_ruminants,amox,Amoxicillin,2535889.1,1691
2026-03-01,GJ,Gujarat,small_ruminants,enro,Enrofloxacin,1153294.5,2307
2026-03-01,RJ,Rajasthan,dairy,oxy,Oxytetracycline,25227647.8,12614
2026-03-01,RJ,Rajasthan,dairy,amox,Amoxicillin,14277277.8,9518
2026-03-01,RJ,Rajasthan,dairy,enro,Enrofloxacin,3996889.9,7994
2026-03-01,RJ,Rajasthan,poultry,oxy,Oxytetracycline,14449214.8,7225
2026-03-01,RJ,Rajasthan,poultry,amox,Amoxicillin,8062048.0,5375
2026-03-01,RJ,Rajasthan,poultry,enro,Enrofloxacin,2351920.9,4704
2026-03-01,RJ,Rajasthan,small_ruminants,oxy,Oxytetracycline,6803147.0,3402
2026-03-01,RJ,Rajasthan,small_ruminants,amox,Amoxicillin,4104634.3,2736
2026-03-01,RJ,Rajasthan,small_ruminants,enro,Enrofloxacin,1511589.4,3023
2026-03-01,PB,Punjab,dairy,oxy,Oxytetracycline,14859208.7,7430
2026-03-01,PB,Punjab,dairy,amox,Amoxicillin,8656057.7,5771
2026-03-01,PB,Punjab,dairy,enro,Enrofloxacin,3418365.2,6837
2026-03-01,PB,Punjab,poultry,oxy,Oxytetracycline,9748759.7,4874
2026-03-01,PB,Punjab,poultry,amox,Amoxicillin,3568452.6,2379
2026-03-01,PB,Punjab,poultry,enro,Enrofloxacin,1715800.7,3432
2026-03-01,PB,Punjab,small_ruminants,oxy,Oxytetracycline,4365440.9,2183
2026-03-01,PB,Punjab,small_ruminants,amox,Amoxicillin,2108967.3,1406
2026-03-01,PB,Punjab,small_ruminants,enro,Enrofloxacin,914246.0,1828
2026-03-01,KA,Karnataka,dairy,oxy,Oxytetracycline,11822534.4,5911
2026-03-01,KA,Karnataka,dairy,amox,Amoxicillin,5384559.8,3590
2026-03-01,KA,Karnataka,dairy,enro,Enrofloxacin,2198593.8,4397
2026-03-01,KA,Karnataka,poultry,oxy,Oxytetracycline,5678712.1,2839
2026-03-01,KA,Karnataka,poultry,amox,Amoxicillin,3351630.5,2234
2026-03-01,KA,Karnataka,poultry,enro,Enrofloxacin,1452035.4,2904
2026-03-01,KA,Karnataka,small_ruminants,oxy,Oxytetracycline,3021713.6,1511
2026-03-01,KA,Karnataka,small_ruminants,amox,Amoxicillin,1921331.8,1281
2026-03-01,KA,Karnataka,small_ruminants,enro,Enrofloxacin,525623.4,1051
2026-04-01,MH,Maharashtra,dairy,oxy,Oxytetracycline,22783621.2,11392
2026-04-01,MH,Maharashtra,dairy,amox,Amoxicillin,11779182.4,7853
2026-04-01,MH,Maharashtra,dairy,enro,Enrofloxacin,3904199.9,7808
2026-04-01,MH,Maharashtra,poultry,oxy,Oxytetracycline,16164200.0,8082
2026-04-01,MH,Maharashtra,poultry,amox,Amoxicillin,7594533.5,5063
2026-04-01,MH,Maharashtra,poultry,enro,Enrofloxacin,3538909.2,7078
2026-04-01,MH,Maharashtra,small_ruminants,oxy,Oxytetracycline,7285105.0,3643
2026-04-01,MH,Maharashtra,small_ruminants,amox,Amoxicillin,4266113.3,2844
2026-04-01,MH,Maharashtra,small_ruminants,enro,Enrofloxacin,1482252.2,2965
2026-04-01,GJ,Gujarat,dairy,oxy,Oxytetracycline,12735336.1,6368
2026-04-01,GJ,Gujarat,dairy,amox,Amoxicillin,8328608.4,5552
2026-04-01,GJ,Gujarat,dairy,enro,Enrofloxacin,2827840.7,5656
2026-04-01,GJ,Gujarat,poultry,oxy,Oxytetracycline,11460633.4,5730
2026-04-01,GJ,Gujarat,poultry,amox,Amoxicillin,6191859.7,4128
2026-04-01,GJ,Gujarat,poultry,enro,Enrofloxacin,2306821.4,4614
2026-04-01,GJ,Gujarat,small_ruminants,oxy,Oxytetracycline,5078007.1,2539
2026-04-01,GJ,Gujarat,small_ruminants,amox,Amoxicillin,3733430.2,2489
2026-04-01,GJ,Gujarat,small_ruminants,enro,Enrofloxacin,911383.4,1823
2026-04-01,RJ,Rajasthan,dairy,oxy,Oxytetracycline,21016476.5,10508
2026-04-01,RJ,Rajasthan,dairy,amox,Amoxicillin,12295892.5,8197
2026-04-01,RJ,Rajasthan,dairy,enro,Enrofloxacin,3559608.0,7119
2026-04-01,RJ,Rajasthan,poultry,oxy,Oxytetracycline,18162859.2,9081
2026-04-01,RJ,Rajasthan,poultry,amox,Amoxicillin,9464383.2,6310
2026-04-01,RJ,Rajasthan,poultry,enro,Enrofloxacin,3397296.6,6795
2026-04-01,RJ,Rajasthan,small_ruminants,oxy,Oxytetracycline,7336462.8,3668
2026-04-01,RJ,Rajasthan,small_ruminants,amox,Amoxicillin,4147893.6,2765
2026-04-01,RJ,Rajasthan,small_ruminants,enro,Enrofloxacin,1493408.2,2987
2026-04-01,PB,Punjab,dairy,oxy,Oxytetracycline,12586714.7,6293
2026-04-01,PB,Punjab,dairy,amox,Amoxicillin,7936833.2,5291
2026-04-01,PB,Punjab,dairy,enro,Enrofloxacin,2494418.7,4989
2026-04-01,PB,Punjab,poultry,oxy,Oxytetracycline,8761284.0,4381
2026-04-01,PB,Punjab,poultry,amox,Amoxicillin,5996534.3,3998
2026-04-01,PB,Punjab,poultry,enro,Enrofloxacin,2129276.7,4259
2026-04-01,PB,Punjab,small_ruminants,oxy,Oxytetracycline,5059415.0,2530
2026-04-01,PB,Punjab,small_ruminants,amox,Amoxicillin,2932309.9,1955
2026-04-01,PB,Punjab,small_ruminants,enro,Enrofloxacin,934378.8,1869
2026-04-01,KA,Karnataka,dairy,oxy,Oxytetracycline,7903796.7,3952
2026-04-01,KA,Karnataka,dairy,amox,Amoxicillin,4561515.5,3041
2026-04-01,KA,Karnataka,dairy,enro,Enrofloxacin,1461103.9,2922
2026-04-01,KA,Karnataka,poultry,oxy,Oxytetracycline,7098209.1,3549
2026-04-01,KA,Karnataka,poultry,amox,Amoxicillin,3941951.7,2628
2026-04-01,KA,Karnataka,poultry,enro,Enrofloxacin,1328910.8,2658
2026-04-01,KA,Karnataka,small_ruminants,oxy,Oxytetracycline,2406074.1,1203
2026-04-01,KA,Karnataka,small_ruminants,amox,Amoxicillin,1713877.2,1143
2026-04-01,KA,Karnataka,small_ruminants,enro,Enrofloxacin,761487.7,1523
2026-05-01,MH,Maharashtra,dairy,oxy,Oxytetracycline,16715487.5,8358
2026-05-01,MH,Maharashtra,dairy,amox,Amoxicillin,10708293.1,7139
2026-05-01,MH,Maharashtra,dairy,enro,Enrofloxacin,3168183.7,6336
2026-05-01,MH,Maharashtra,poultry,oxy,Oxytetracycline,19774068.6,9887
2026-05-01,MH,Maharashtra,poultry,amox,Amoxicillin,9834833.3,6557
2026-05-01,MH,Maharashtra,poultry,enro,Enrofloxacin,3655869.5,7312
2026-05-01,MH,Maharashtra,small_ruminants,oxy,Oxytetracycline,10006724.8,5003
2026-05-01,MH,Maharashtra,small_ruminants,amox,Amoxicillin,5396897.5,3598
2026-05-01,MH,Maharashtra,small_ruminants,enro,Enrofloxacin,1617371.1,3235
2026-05-01,GJ,Gujarat,dairy,oxy,Oxytetracycline,11840802.9,5920
2026-05-01,GJ,Gujarat,dairy,amox,Amoxicillin,6998113.8,4665
2026-05-01,GJ,Gujarat,dairy,enro,Enrofloxacin,2675467.0,5351
2026-05-01,GJ,Gujarat,poultry,oxy,Oxytetracycline,12024802.9,6012
2026-05-01,GJ,Gujarat,poultry,amox,Amoxicillin,6707684.9,4472
2026-05-01,GJ,Gujarat,poultry,enro,Enrofloxacin,2818315.4,5637
2026-05-01,GJ,Gujarat,small_ruminants,oxy,Oxytetracycline,5642113.0,2821
2026-05-01,GJ,Gujarat,small_ruminants,amox,Amoxicillin,4033994.6,2689
2026-05-01,GJ,Gujarat,small_ruminants,enro,Enrofloxacin,1164701.0,2329
2026-05-01,RJ,Rajasthan,dairy,oxy,Oxytetracycline,20517813.2,10259
2026-05-01,RJ,Rajasthan,dairy,amox,Amoxicillin,10429837.2,6953
2026-05-01,RJ,Rajasthan,dairy,enro,Enrofloxacin,3951577.2,7903
2026-05-01,RJ,Rajasthan,poultry,oxy,Oxytetracycline,15590272.7,7795
2026-05-01,RJ,Rajasthan,poultry,amox,Amoxicillin,8892105.8,5928
2026-05-01,RJ,Rajasthan,poultry,enro,Enrofloxacin,3639937.5,7280
2026-05-01,RJ,Rajasthan,small_ruminants,oxy,Oxytetracycline,8674021.4,4337
2026-05-01,RJ,Rajasthan,small_ruminants,amox,Amoxicillin,4584217.3,3056
2026-05-01,RJ,Rajasthan,small_ruminants,enro,Enrofloxacin,1424068.2,2848
2026-05-01,PB,Punjab,dairy,oxy,Oxytetracycline,9736670.9,4868
2026-05-01,PB,Punjab,dairy,amox,Amoxicillin,5538591.1,3692
2026-05-01,PB,Punjab,dairy,enro,Enrofloxacin,1859782.9,3720
2026-05-01,PB,Punjab,poultry,oxy,Oxytetracycline,10999441.0,5500
2026-05-01,PB,Punjab,poultry,amox,Amoxicillin,6939160.9,4626
2026-05-01,PB,Punjab,poultry,enro,Enrofloxacin,2178139.9,4356
2026-05-01,PB,Punjab,small_ruminants,oxy,Oxytetracycline,3954737.4,1977
2026-05-01,PB,Punjab,small_ruminants,amox,Amoxicillin,2873419.0,1916
2026-05-01,PB,Punjab,small_ruminants,enro,Enrofloxacin,1007624.5,2015
2026-05-01,KA,Karnataka,dairy,oxy,Oxytetracycline,9797689.3,4899
2026-05-01,KA,Karnataka,dairy,amox,Amoxicillin,3956725.7,2638
2026-05-01,KA,Karnataka,dairy,enro,Enrofloxacin,1545658.7,3091
2026-05-01,KA,Karnataka,poultry,oxy,Oxytetracycline,9154124.5,4577
2026-05-01,KA,Karnataka,poultry,amox,Amoxicillin,4672827.7,3115
2026-05-01,KA,Karnataka,poultry,enro,Enrofloxacin,1640411.6,3281
2026-05-01,KA,Karnataka,small_ruminants,oxy,Oxytetracycline,3714669.7,1857
2026-05-01,KA,Karnataka,small_ruminants,amox,Amoxicillin,2169305.5,1446
2026-05-01,KA,Karnataka,small_ruminants,enro,Enrofloxacin,786019.9,1572
2026-06-01,MH,Maharashtra,dairy,oxy,Oxytetracycline,16937307.9,8469
2026-06-01,MH,Maharashtra,dairy,amox,Amoxicillin,11548215.0,7699
2026-06-01,MH,Maharashtra,dairy,enro,Enrofloxacin,3243488.6,6487
2026-06-01,MH,Maharashtra,poultry,oxy,Oxytetracycline,18577450.7,9289
2026-06-01,MH,Maharashtra,poultry,amox,Amoxicillin,10546475.5,7031
2026-06-01,MH,Maharashtra,poultry,enro,Enrofloxacin,3443316.8,6887
2026-06-01,MH,Maharashtra,small_ruminants,oxy,Oxytetracycline,8928062.0,4464
2026-06-01,MH,Maharashtra,small_ruminants,amox,Amoxicillin,4833788.1,3223
2026-06-01,MH,Maharashtra,small_ruminants,enro,Enrofloxacin,1629897.8,3260
2026-06-01,GJ,Gujarat,dairy,oxy,Oxytetracycline,12480879.1,6240
2026-06-01,GJ,Gujarat,dairy,amox,Amoxicillin,6599283.6,4400
2026-06-01,GJ,Gujarat,dairy,enro,Enrofloxacin,2678642.1,5357
2026-06-01,GJ,Gujarat,poultry,oxy,Oxytetracycline,11175564.4,5588
2026-06-01,GJ,Gujarat,poultry,amox,Amoxicillin,7755698.5,5170
2026-06-01,GJ,Gujarat,poultry,enro,Enrofloxacin,2233381.2,4467
2026-06-01,GJ,Gujarat,small_ruminants,oxy,Oxytetracycline,5926547.9,2963
2026-06-01,GJ,Gujarat,small_ruminants,amox,Amoxicillin,3376992.1,2251
2026-06-01,GJ,Gujarat,small_ruminants,enro,Enrofloxacin,1426921.4,2854
2026-06-01,RJ,Rajasthan,dairy,oxy,Oxytetracycline,26856796.9,13428
2026-06-01,RJ,Rajasthan,dairy,amox,Amoxicillin,10131560.3,6754
2026-06-01,RJ,Rajasthan,dairy,enro,Enrofloxacin,3870247.9,7740
2026-06-01,RJ,Rajasthan,poultry,oxy,Oxytetracycline,13811951.3,6906
2026-06-01,RJ,Rajasthan,poultry,amox,Amoxicillin,10058727.9,6706
2026-06-01,RJ,Rajasthan,poultry,enro,Enrofloxacin,4316617.3,8633
2026-06-01,RJ,Rajasthan,small_ruminants,oxy,Oxytetracycline,8821098.3,4411
2026-06-01,RJ,Rajasthan,small_ruminants,amox,Amoxicillin,5059981.7,3373
2026-06-01,RJ,Rajasthan,small_ruminants,enro,Enrofloxacin,1888064.3,3776
2026-06-01,PB,Punjab,dairy,oxy,Oxytetracycline,12612142.5,6306
2026-06-01,PB,Punjab,dairy,amox,Amoxicillin,5297565.0,3532
2026-06-01,PB,Punjab,dairy,enro,Enrofloxacin,1912942.5,3826
2026-06-01,PB,Punjab,poultry,oxy,Oxytetracycline,11535208.7,5768
2026-06-01,PB,Punjab,poultry,amox,Amoxicillin,5999102.8,3999
2026-06-01,PB,Punjab,poultry,enro,Enrofloxacin,2539160.9,5078
2026-06-01,PB,Punjab,small_ruminants,oxy,Oxytetracycline,5443374.8,2722
2026-06-01,PB,Punjab,small_ruminants,amox,Amoxicillin,2592491.7,1728
2026-06-01,PB,Punjab,small_ruminants,enro,Enrofloxacin,975106.4,1950
2026-06-01,KA,Karnataka,dairy,oxy,Oxytetracycline,6027490.1,3014
2026-06-01,KA,Karnataka,dairy,amox,Amoxicillin,4630460.1,3087
2026-06-01,KA,Karnataka,dairy,enro,Enrofloxacin,1604458.2,3209
2026-06-01,KA,Karnataka,poultry,oxy,Oxytetracycline,7769482.0,3885
2026-06-01,KA,Karnataka,poultry,amox,Amoxicillin,5126944.8,3418
2026-06-01,KA,Karnataka,poultry,enro,Enrofloxacin,1787303.5,3575
2026-06-01,KA,Karnataka,small_ruminants,oxy,Oxytetracycline,3967842.1,1984
2026-06-01,KA,Karnataka,small_ruminants,amox,Amoxicillin,1810787.9,1207
2026-06-01,KA,Karnataka,small_ruminants,enro,Enrofloxacin,843024.4,1686
2026-07-01,MH,Maharashtra,dairy,oxy,Oxytetracycline,24360893.2,12180
2026-07-01,MH,Maharashtra,dairy,amox,Amoxicillin,13678294.5,9119
2026-07-01,MH,Maharashtra,dairy,enro,Enrofloxacin,5132627.7,10265
2026-07-01,MH,Maharashtra,poultry,oxy,Oxytetracycline,15730077.9,7865
2026-07-01,MH,Maharashtra,poultry,amox,Amoxicillin,12291153.3,8194
2026-07-01,MH,Maharashtra,poultry,enro,Enrofloxacin,3259646.7,6519
2026-07-01,MH,Maharashtra,small_ruminants,oxy,Oxytetracycline,10268869.2,5134
2026-07-01,MH,Maharashtra,small_ruminants,amox,Amoxicillin,4565243.4,3043
2026-07-01,MH,Maharashtra,small_ruminants,enro,Enrofloxacin,1754684.0,3509
2026-07-01,GJ,Gujarat,dairy,oxy,Oxytetracycline,18635511.4,9318
2026-07-01,GJ,Gujarat,dairy,amox,Amoxicillin,9015290.3,6010
2026-07-01,GJ,Gujarat,dairy,enro,Enrofloxacin,3488755.4,6978
2026-07-01,GJ,Gujarat,poultry,oxy,Oxytetracycline,12778865.1,6389
2026-07-01,GJ,Gujarat,poultry,amox,Amoxicillin,7066009.8,4711
2026-07-01,GJ,Gujarat,poultry,enro,Enrofloxacin,2821405.8,5643
2026-07-01,GJ,Gujarat,small_ruminants,oxy,Oxytetracycline,6539576.5,3270
2026-07-01,GJ,Gujarat,small_ruminants,amox,Amoxicillin,3149336.8,2100
2026-07-01,GJ,Gujarat,small_ruminants,enro,Enrofloxacin,1225193.2,2450
2026-07-01,RJ,Rajasthan,dairy,oxy,Oxytetracycline,36743932.0,18372
2026-07-01,RJ,Rajasthan,dairy,amox,Amoxicillin,13457410.7,8972
2026-07-01,RJ,Rajasthan,dairy,enro,Enrofloxacin,3868628.9,7737
2026-07-01,RJ,Rajasthan,poultry,oxy,Oxytetracycline,16076549.4,8038
2026-07-01,RJ,Rajasthan,poultry,amox,Amoxicillin,9405524.0,6270
2026-07-01,RJ,Rajasthan,poultry,enro,Enrofloxacin,3409606.4,6819
2026-07-01,RJ,Rajasthan,small_ruminants,oxy,Oxytetracycline,8020305.6,4010
2026-07-01,RJ,Rajasthan,small_ruminants,amox,Amoxicillin,5021763.2,3348
2026-07-01,RJ,Rajasthan,small_ruminants,enro,Enrofloxacin,1760549.3,3521
2026-07-01,PB,Punjab,dairy,oxy,Oxytetracycline,15582979.0,7791
2026-07-01,PB,Punjab,dairy,amox,Amoxicillin,8921312.6,5948
2026-07-01,PB,Punjab,dairy,enro,Enrofloxacin,2807310.7,5615
2026-07-01,PB,Punjab,poultry,oxy,Oxytetracycline,10722594.3,5361
2026-07-01,PB,Punjab,poultry,amox,Amoxicillin,6456078.5,4304
2026-07-01,PB,Punjab,poultry,enro,Enrofloxacin,2018226.8,4036
2026-07-01,PB,Punjab,small_ruminants,oxy,Oxytetracycline,5301479.2,2651
2026-07-01,PB,Punjab,small_ruminants,amox,Amoxicillin,3095147.6,2063
2026-07-01,PB,Punjab,small_ruminants,enro,Enrofloxacin,1104361.9,2209
2026-07-01,KA,Karnataka,dairy,oxy,Oxytetracycline,9174197.4,4587
2026-07-01,KA,Karnataka,dairy,amox,Amoxicillin,6001923.7,4001
2026-07-01,KA,Karnataka,dairy,enro,Enrofloxacin,2170417.2,4341
2026-07-01,KA,Karnataka,poultry,oxy,Oxytetracycline,6737954.1,3369
2026-07-01,KA,Karnataka,poultry,amox,Amoxicillin,4567666.8,3045
2026-07-01,KA,Karnataka,poultry,enro,Enrofloxacin,1526133.2,3052
2026-07-01,KA,Karnataka,small_ruminants,oxy,Oxytetracycline,4444222.8,2222
2026-07-01,KA,Karnataka,small_ruminants,amox,Amoxicillin,2441585.0,1628
2026-07-01,KA,Karnataka,small_ruminants,enro,Enrofloxacin,715589.0,1431
2026-08-01,MH,Maharashtra,dairy,oxy,Oxytetracycline,21741971.5,10871
2026-08-01,MH,Maharashtra,dairy,amox,Amoxicillin,14318255.8,9546
2026-08-01,MH,Maharashtra,dairy,enro,Enrofloxacin,5517213.8,11034
2026-08-01,MH,Maharashtra,poultry,oxy,Oxytetracycline,13367779.4,6684
2026-08-01,MH,Maharashtra,poultry,amox,Amoxicillin,10191174.4,6794
2026-08-01,MH,Maharashtra,poultry,enro,Enrofloxacin,3862396.1,7725
2026-08-01,MH,Maharashtra,small_ruminants,oxy,Oxytetracycline,9155738.6,4578
2026-08-01,MH,Maharashtra,small_ruminants,amox,Amoxicillin,5628067.5,3752
2026-08-01,MH,Maharashtra,small_ruminants,enro,Enrofloxacin,1737865.9,3476
2026-08-01,GJ,Gujarat,dairy,oxy,Oxytetracycline,17216016.3,8608
2026-08-01,GJ,Gujarat,dairy,amox,Amoxicillin,8333001.5,5555
2026-08-01,GJ,Gujarat,dairy,enro,Enrofloxacin,2631096.1,5262
2026-08-01,GJ,Gujarat,poultry,oxy,Oxytetracycline,13156005.8,6578
2026-08-01,GJ,Gujarat,poultry,amox,Amoxicillin,6186141.6,4124
2026-08-01,GJ,Gujarat,poultry,enro,Enrofloxacin,2263368.5,4527
2026-08-01,GJ,Gujarat,small_ruminants,oxy,Oxytetracycline,5608087.6,2804
2026-08-01,GJ,Gujarat,small_ruminants,amox,Amoxicillin,3192154.0,2128
2026-08-01,GJ,Gujarat,small_ruminants,enro,Enrofloxacin,1261893.1,2524
2026-08-01,RJ,Rajasthan,dairy,oxy,Oxytetracycline,22469725.0,11235
2026-08-01,RJ,Rajasthan,dairy,amox,Amoxicillin,14466061.3,9644
2026-08-01,RJ,Rajasthan,dairy,enro,Enrofloxacin,5137631.7,10275
2026-08-01,RJ,Rajasthan,poultry,oxy,Oxytetracycline,17260873.0,8630
2026-08-01,RJ,Rajasthan,poultry,amox,Amoxicillin,9847535.4,6565
2026-08-01,RJ,Rajasthan,poultry,enro,Enrofloxacin,3926586.2,7853
2026-08-01,RJ,Rajasthan,small_ruminants,oxy,Oxytetracycline,8090046.9,4045
2026-08-01,RJ,Rajasthan,small_ruminants,amox,Amoxicillin,5180000.9,3453
2026-08-01,RJ,Rajasthan,small_ruminants,enro,Enrofloxacin,2044681.5,4089
2026-08-01,PB,Punjab,dairy,oxy,Oxytetracycline,17534833.2,8767
2026-08-01,PB,Punjab,dairy,amox,Amoxicillin,7599974.3,5067
2026-08-01,PB,Punjab,dairy,enro,Enrofloxacin,2943307.9,5887
2026-08-01,PB,Punjab,poultry,oxy,Oxytetracycline,12199548.9,6100
2026-08-01,PB,Punjab,poultry,amox,Amoxicillin,6423719.1,4282
2026-08-01,PB,Punjab,poultry,enro,Enrofloxacin,2137297.7,4275
2026-08-01,PB,Punjab,small_ruminants,oxy,Oxytetracycline,5690025.3,2845
2026-08-01,PB,Punjab,small_ruminants,amox,Amoxicillin,3183478.5,2122
2026-08-01,PB,Punjab,small_ruminants,enro,Enrofloxacin,1167997.9,2336
2026-08-01,KA,Karnataka,dairy,oxy,Oxytetracycline,10881157.8,5441
2026-08-01,KA,Karnataka,dairy,amox,Amoxicillin,6307229.8,4205
2026-08-01,KA,Karnataka,dairy,enro,Enrofloxacin,2171172.0,4342
2026-08-01,KA,Karnataka,poultry,oxy,Oxytetracycline,7180110.3,3590
2026-08-01,KA,Karnataka,poultry,amox,Amoxicillin,4603170.4,3069
2026-08-01,KA,Karnataka,poultry,enro,Enrofloxacin,1919606.4,3839
2026-08-01,KA,Karnataka,small_ruminants,oxy,Oxytetracycline,3429980.2,1715
2026-08-01,KA,Karnataka,small_ruminants,amox,Amoxicillin,2443569.3,1629
2026-08-01,KA,Karnataka,small_ruminants,enro,Enrofloxacin,743774.8,1488
